date,is_patient,district,source,count
20220306,无症状感染者,嘉定区,闭环隔离管控,13
20220306,无症状感染者,奉贤区,闭环隔离管控,2
20220306,无症状感染者,宝山区,闭环隔离管控,6
20220306,无症状感染者,徐汇区,闭环隔离管控,2
20220306,无症状感染者,普陀区,闭环隔离管控,5
20220306,无症状感染者,松江区,闭环隔离管控,6
20220306,无症状感染者,浦东新区,闭环隔离管控,1
20220306,无症状感染者,浦东新区,风险人群筛查,1
20220306,无症状感染者,闵行区,闭环隔离管控,7
20220306,无症状感染者,静安区,闭环隔离管控,1
20220306,无症状感染者,黄浦区,闭环隔离管控,1
20220306,确诊病例,徐汇区,闭环隔离管控,2
20220306,确诊病例,浦东新区,闭环隔离管控,1
20220307,无症状感染者,嘉定区,闭环隔离管控,12
20220307,无症状感染者,宝山区,闭环隔离管控,6
20220307,无症状感染者,徐汇区,闭环隔离管控,10
20220307,无症状感染者,松江区,闭环隔离管控,4
20220307,无症状感染者,浦东新区,闭环隔离管控,4
20220307,无症状感染者,虹口区,闭环隔离管控,1
20220307,无症状感染者,金山区,闭环隔离管控,1
20220307,无症状感染者,闵行区,闭环隔离管控,13
20220307,确诊病例,徐汇区,闭环隔离管控,3
20220307,确诊病例,普陀区,闭环隔离管控,1
20220308,无症状感染者,嘉定区,闭环隔离管控,7
20220308,无症状感染者,宝山区,闭环隔离管控,11
20220308,无症状感染者,徐汇区,闭环隔离管控,9
20220308,无症状感染者,普陀区,闭环隔离管控,2
20220308,无症状感染者,松江区,闭环隔离管控,14
20220308,无症状感染者,浦东新区,闭环隔离管控,3
20220308,无症状感染者,长宁区,闭环隔离管控,1
20220308,无症状感染者,闵行区,闭环隔离管控,11
20220308,无症状感染者,青浦区,闭环隔离管控,3
20220308,无症状感染者,静安区,闭环隔离管控,1
20220308,确诊病例,嘉定区,闭环隔离管控,1
20220308,确诊病例,闵行区,闭环隔离管控,1
20220308,确诊病例,静安区,野生,1
20220309,无症状感染者,嘉定区,闭环隔离管控,16
20220309,无症状感染者,奉贤区,闭环隔离管控,1
20220309,无症状感染者,宝山区,闭环隔离管控,2
20220309,无症状感染者,徐汇区,闭环隔离管控,6
20220309,无症状感染者,普陀区,风险人群筛查,1
20220309,无症状感染者,杨浦区,风险人群筛查,1
20220309,无症状感染者,松江区,闭环隔离管控,9
20220309,无症状感染者,浦东新区,闭环隔离管控,7
20220309,无症状感染者,浦东新区,风险人群筛查,1
20220309,无症状感染者,虹口区,风险人群筛查,3
20220309,无症状感染者,长宁区,风险人群筛查,1
20220309,无症状感染者,闵行区,闭环隔离管控,21
20220309,无症状感染者,闵行区,风险人群筛查,3
20220309,无症状感染者,静安区,闭环隔离管控,1
20220309,无症状感染者,静安区,风险人群筛查,2
20220309,无症状感染者,黄浦区,闭环隔离管控,1
20220309,确诊病例,浦东新区,野生,1
20220309,确诊病例,虹口区,闭环隔离管控,1
20220309,确诊病例,闵行区,闭环隔离管控,1
20220309,确诊病例,静安区,闭环隔离管控,1
20220310,无症状感染者,嘉定区,闭环隔离管控,5
20220310,无症状感染者,宝山区,闭环隔离管控,10
20220310,无症状感染者,徐汇区,闭环隔离管控,6
20220310,无症状感染者,徐汇区,风险人群筛查,1
20220310,无症状感染者,普陀区,闭环隔离管控,4
20220310,无症状感染者,松江区,闭环隔离管控,8
20220310,无症状感染者,浦东新区,闭环隔离管控,5
20220310,无症状感染者,浦东新区,风险人群筛查,1
20220310,无症状感染者,虹口区,闭环隔离管控,4
20220310,无症状感染者,长宁区,闭环隔离管控,1
20220310,无症状感染者,闵行区,闭环隔离管控,12
20220310,无症状感染者,青浦区,闭环隔离管控,4
20220310,无症状感染者,静安区,闭环隔离管控,1
20220310,无症状感染者,静安区,风险人群筛查,1
20220310,无症状感染者,黄浦区,闭环隔离管控,1
20220310,确诊病例,其他,闭环隔离管控,1
20220310,确诊病例,嘉定区,闭环隔离管控,1
20220310,确诊病例,浦东新区,闭环隔离管控,4
20220310,确诊病例,虹口区,闭环隔离管控,2
20220310,确诊病例,闵行区,闭环隔离管控,2
20220310,确诊病例,青浦区,闭环隔离管控,1
20220311,无症状感染者,其他,闭环隔离管控,1
20220311,无症状感染者,嘉定区,闭环隔离管控,11
20220311,无症状感染者,奉贤区,风险人群筛查,1
20220311,无症状感染者,宝山区,闭环隔离管控,6
20220311,无症状感染者,宝山区,风险人群筛查,1
20220311,无症状感染者,徐汇区,闭环隔离管控,6
20220311,无症状感染者,徐汇区,风险人群筛查,4
20220311,无症状感染者,松江区,闭环隔离管控,4
20220311,无症状感染者,松江区,风险人群筛查,1
20220311,无症状感染者,浦东新区,闭环隔离管控,8
20220311,无症状感染者,浦东新区,风险人群筛查,1
20220311,无症状感染者,虹口区,闭环隔离管控,2
20220311,无症状感染者,金山区,风险人群筛查,4
20220311,无症状感染者,长宁区,闭环隔离管控,1
20220311,无症状感染者,闵行区,闭环隔离管控,11
20220311,无症状感染者,闵行区,风险人群筛查,6
20220311,无症状感染者,青浦区,闭环隔离管控,1
20220311,无症状感染者,静安区,闭环隔离管控,3
20220311,无症状感染者,静安区,风险人群筛查,1
20220311,无症状感染者,黄浦区,闭环隔离管控,3
20220311,无症状感染者,黄浦区,风险人群筛查,2
20220311,确诊病例,嘉定区,闭环隔离管控,1
20220311,确诊病例,宝山区,闭环隔离管控,1
20220311,确诊病例,宝山区,风险人群筛查,1
20220311,确诊病例,徐汇区,闭环隔离管控,2
20220312,无症状感染者,其他,风险人群筛查,1
20220312,无症状感染者,嘉定区,闭环隔离管控,3
20220312,无症状感染者,宝山区,闭环隔离管控,3
20220312,无症状感染者,徐汇区,闭环隔离管控,1
20220312,无症状感染者,松江区,闭环隔离管控,1
20220312,无症状感染者,浦东新区,闭环隔离管控,32
20220312,无症状感染者,浦东新区,风险人群筛查,2
20220312,无症状感染者,金山区,闭环隔离管控,4
20220312,无症状感染者,长宁区,闭环隔离管控,1
20220312,无症状感染者,长宁区,风险人群筛查,1
20220312,无症状感染者,闵行区,闭环隔离管控,10
20220312,无症状感染者,静安区,闭环隔离管控,2
20220312,无症状感染者,黄浦区,闭环隔离管控,3
20220312,确诊病例,闵行区,闭环隔离管控,1
20220313,无症状感染者,嘉定区,闭环隔离管控,13
20220313,无症状感染者,嘉定区,风险人群筛查,1
20220313,无症状感染者,奉贤区,闭环隔离管控,1
20220313,无症状感染者,宝山区,闭环隔离管控,3
20220313,无症状感染者,徐汇区,闭环隔离管控,8
20220313,无症状感染者,徐汇区,风险人群筛查,6
20220313,无症状感染者,普陀区,闭环隔离管控,2
20220313,无症状感染者,普陀区,风险人群筛查,3
20220313,无症状感染者,杨浦区,闭环隔离管控,1
20220313,无症状感染者,杨浦区,风险人群筛查,2
20220313,无症状感染者,松江区,闭环隔离管控,5
20220313,无症状感染者,松江区,风险人群筛查,2
20220313,无症状感染者,浦东新区,闭环隔离管控,22
20220313,无症状感染者,浦东新区,风险人群筛查,12
20220313,无症状感染者,虹口区,闭环隔离管控,2
20220313,无症状感染者,虹口区,风险人群筛查,2
20220313,无症状感染者,金山区,闭环隔离管控,5
20220313,无症状感染者,金山区,风险人群筛查,1
20220313,无症状感染者,长宁区,闭环隔离管控,2
20220313,无症状感染者,闵行区,闭环隔离管控,15
20220313,无症状感染者,闵行区,风险人群筛查,5
20220313,无症状感染者,青浦区,闭环隔离管控,1
20220313,无症状感染者,青浦区,风险人群筛查,1
20220313,无症状感染者,静安区,闭环隔离管控,3
20220313,无症状感染者,静安区,风险人群筛查,1
20220313,无症状感染者,黄浦区,闭环隔离管控,7
20220313,无症状感染者,黄浦区,风险人群筛查,2
20220313,确诊病例,嘉定区,闭环隔离管控,5
20220313,确诊病例,奉贤区,闭环隔离管控,1
20220313,确诊病例,徐汇区,闭环隔离管控,4
20220313,确诊病例,普陀区,闭环隔离管控,1
20220313,确诊病例,松江区,闭环隔离管控,1
20220313,确诊病例,浦东新区,闭环隔离管控,4
20220313,确诊病例,浦东新区,风险人群筛查,1
20220313,确诊病例,虹口区,闭环隔离管控,1
20220313,确诊病例,金山区,此前报告的本土无症状感染,1
20220313,确诊病例,长宁区,闭环隔离管控,2
20220313,确诊病例,闵行区,此前报告的本土无症状感染,1
20220313,确诊病例,闵行区,闭环隔离管控,5
20220313,确诊病例,闵行区,风险人群筛查,3
20220313,确诊病例,青浦区,风险人群筛查,2
20220313,确诊病例,静安区,闭环隔离管控,5
20220313,确诊病例,静安区,风险人群筛查,1
20220313,确诊病例,黄浦区,闭环隔离管控,1
20220313,确诊病例,黄浦区,风险人群筛查,2
20220314,无症状感染者,其他,闭环隔离管控,1
20220314,无症状感染者,嘉定区,闭环隔离管控,21
20220314,无症状感染者,嘉定区,风险人群筛查,2
20220314,无症状感染者,奉贤区,闭环隔离管控,1
20220314,无症状感染者,奉贤区,风险人群筛查,2
20220314,无症状感染者,宝山区,闭环隔离管控,1
20220314,无症状感染者,宝山区,风险人群筛查,1
20220314,无症状感染者,徐汇区,闭环隔离管控,18
20220314,无症状感染者,徐汇区,风险人群筛查,1
20220314,无症状感染者,杨浦区,风险人群筛查,1
20220314,无症状感染者,浦东新区,闭环隔离管控,13
20220314,无症状感染者,浦东新区,风险人群筛查,9
20220314,无症状感染者,虹口区,闭环隔离管控,1
20220314,无症状感染者,虹口区,风险人群筛查,2
20220314,无症状感染者,金山区,闭环隔离管控,3
20220314,无症状感染者,金山区,风险人群筛查,1
20220314,无症状感染者,长宁区,闭环隔离管控,1
20220314,无症状感染者,闵行区,闭环隔离管控,19
20220314,无症状感染者,闵行区,风险人群筛查,5
20220314,无症状感染者,静安区,闭环隔离管控,5
20220314,无症状感染者,静安区,风险人群筛查,1
20220314,无症状感染者,黄浦区,闭环隔离管控,18
20220314,无症状感染者,黄浦区,风险人群筛查,3
20220314,确诊病例,徐汇区,闭环隔离管控,2
20220314,确诊病例,徐汇区,风险人群筛查,1
20220314,确诊病例,浦东新区,风险人群筛查,1
20220314,确诊病例,虹口区,闭环隔离管控,1
20220314,确诊病例,闵行区,闭环隔离管控,1
20220314,确诊病例,闵行区,风险人群筛查,1
20220314,确诊病例,黄浦区,闭环隔离管控,1
20220314,确诊病例,黄浦区,风险人群筛查,1
20220315,无症状感染者,嘉定区,闭环隔离管控,14
20220315,无症状感染者,嘉定区,风险人群筛查,7
20220315,无症状感染者,奉贤区,闭环隔离管控,4
20220315,无症状感染者,宝山区,闭环隔离管控,7
20220315,无症状感染者,宝山区,风险人群筛查,4
20220315,无症状感染者,徐汇区,闭环隔离管控,13
20220315,无症状感染者,徐汇区,风险人群筛查,10
20220315,无症状感染者,普陀区,闭环隔离管控,5
20220315,无症状感染者,普陀区,风险人群筛查,4
20220315,无症状感染者,杨浦区,闭环隔离管控,1
20220315,无症状感染者,杨浦区,风险人群筛查,1
20220315,无症状感染者,松江区,闭环隔离管控,7
20220315,无症状感染者,松江区,风险人群筛查,4
20220315,无症状感染者,浦东新区,闭环隔离管控,31
20220315,无症状感染者,浦东新区,风险人群筛查,9
20220315,无症状感染者,虹口区,闭环隔离管控,5
20220315,无症状感染者,虹口区,风险人群筛查,1
20220315,无症状感染者,金山区,闭环隔离管控,7
20220315,无症状感染者,金山区,风险人群筛查,1
20220315,无症状感染者,长宁区,闭环隔离管控,3
20220315,无症状感染者,长宁区,风险人群筛查,1
20220315,无症状感染者,闵行区,闭环隔离管控,17
20220315,无症状感染者,闵行区,风险人群筛查,13
20220315,无症状感染者,青浦区,闭环隔离管控,3
20220315,无症状感染者,青浦区,风险人群筛查,3
20220315,无症状感染者,静安区,闭环隔离管控,9
20220315,无症状感染者,静安区,风险人群筛查,1
20220315,无症状感染者,黄浦区,闭环隔离管控,9
20220315,无症状感染者,黄浦区,风险人群筛查,3
20220315,确诊病例,奉贤区,闭环隔离管控,1
20220315,确诊病例,徐汇区,闭环隔离管控,1
20220315,确诊病例,浦东新区,闭环隔离管控,1
20220315,确诊病例,浦东新区,风险人群筛查,1
20220315,确诊病例,闵行区,闭环隔离管控,1
20220316,无症状感染者,嘉定区,闭环隔离管控,15
20220316,无症状感染者,嘉定区,风险人群筛查,22
20220316,无症状感染者,奉贤区,闭环隔离管控,2
20220316,无症状感染者,宝山区,闭环隔离管控,5
20220316,无症状感染者,宝山区,风险人群筛查,5
20220316,无症状感染者,徐汇区,风险人群筛查,5
20220316,无症状感染者,普陀区,闭环隔离管控,2
20220316,无症状感染者,普陀区,风险人群筛查,1
20220316,无症状感染者,杨浦区,风险人群筛查,2
20220316,无症状感染者,松江区,闭环隔离管控,4
20220316,无症状感染者,浦东新区,闭环隔离管控,23
20220316,无症状感染者,浦东新区,风险人群筛查,21
20220316,无症状感染者,虹口区,闭环隔离管控,7
20220316,无症状感染者,虹口区,风险人群筛查,3
20220316,无症状感染者,长宁区,闭环隔离管控,1
20220316,无症状感染者,长宁区,风险人群筛查,3
20220316,无症状感染者,闵行区,闭环隔离管控,7
20220316,无症状感染者,闵行区,风险人群筛查,10
20220316,无症状感染者,青浦区,闭环隔离管控,1
20220316,无症状感染者,静安区,风险人群筛查,3
20220316,无症状感染者,黄浦区,闭环隔离管控,2
20220316,无症状感染者,黄浦区,风险人群筛查,6
20220316,确诊病例,嘉定区,风险人群筛查,4
20220316,确诊病例,徐汇区,闭环隔离管控,1
20220316,确诊病例,徐汇区,风险人群筛查,1
20220316,确诊病例,闵行区,此前报告的本土无症状感染,1
20220316,确诊病例,黄浦区,闭环隔离管控,1
20220317,无症状感染者,嘉定区,闭环隔离管控,3
20220317,无症状感染者,嘉定区,风险人群筛查,27
20220317,无症状感染者,奉贤区,闭环隔离管控,1
20220317,无症状感染者,奉贤区,风险人群筛查,1
20220317,无症状感染者,宝山区,闭环隔离管控,2
20220317,无症状感染者,宝山区,风险人群筛查,7
20220317,无症状感染者,崇明区,风险人群筛查,3
20220317,无症状感染者,徐汇区,闭环隔离管控,9
20220317,无症状感染者,徐汇区,风险人群筛查,19
20220317,无症状感染者,普陀区,闭环隔离管控,3
20220317,无症状感染者,普陀区,风险人群筛查,3
20220317,无症状感染者,杨浦区,闭环隔离管控,2
20220317,无症状感染者,松江区,闭环隔离管控,9
20220317,无症状感染者,松江区,风险人群筛查,1
20220317,无症状感染者,浦东新区,闭环隔离管控,5
20220317,无症状感染者,浦东新区,风险人群筛查,6
20220317,无症状感染者,虹口区,闭环隔离管控,5
20220317,无症状感染者,虹口区,风险人群筛查,1
20220317,无症状感染者,金山区,风险人群筛查,1
20220317,无症状感染者,长宁区,风险人群筛查,1
20220317,无症状感染者,闵行区,闭环隔离管控,64
20220317,无症状感染者,闵行区,风险人群筛查,14
20220317,无症状感染者,青浦区,风险人群筛查,1
20220317,无症状感染者,静安区,风险人群筛查,3
20220317,无症状感染者,黄浦区,风险人群筛查,12
20220317,确诊病例,嘉定区,风险人群筛查,5
20220317,确诊病例,宝山区,风险人群筛查,5
20220317,确诊病例,徐汇区,风险人群筛查,8
20220317,确诊病例,普陀区,风险人群筛查,1
20220317,确诊病例,浦东新区,风险人群筛查,24
20220317,确诊病例,虹口区,风险人群筛查,1
20220317,确诊病例,闵行区,闭环隔离管控,1
20220317,确诊病例,闵行区,风险人群筛查,3
20220317,确诊病例,静安区,风险人群筛查,1
20220317,确诊病例,黄浦区,闭环隔离管控,1
20220317,确诊病例,黄浦区,风险人群筛查,7
20220319,无症状感染者,嘉定,风险人群筛查,79
20220319,无症状感染者,奉贤,风险人群筛查,6
20220319,无症状感染者,宝山,风险人群筛查,16
20220319,无症状感染者,崇明,风险人群筛查,22
20220319,无症状感染者,徐汇,风险人群筛查,61
20220319,无症状感染者,普陀,风险人群筛查,25
20220319,无症状感染者,杨浦,风险人群筛查,14
20220319,无症状感染者,松江,风险人群筛查,16
20220319,无症状感染者,浦东,风险人群筛查,127
20220319,无症状感染者,虹口,风险人群筛查,6
20220319,无症状感染者,金山,风险人群筛查,3
20220319,无症状感染者,长宁,风险人群筛查,12
20220319,无症状感染者,闵行,风险人群筛查,49
20220319,无症状感染者,青浦,风险人群筛查,5
20220319,无症状感染者,静安,风险人群筛查,15
20220319,无症状感染者,黄浦,风险人群筛查,36
20220319,确诊病例,嘉定,此前报告的本土无症状感染,2
20220319,确诊病例,宝山,风险人群筛查,1
20220319,确诊病例,崇明,风险人群筛查,1
20220319,确诊病例,浦东,风险人群筛查,8
20220319,确诊病例,虹口,风险人群筛查,1
20220319,确诊病例,闵行,此前报告的本土无症状感染,4
20220320,无症状感染者,嘉定,闭环隔离管控,37
20220320,无症状感染者,嘉定,风险人群筛查,2
20220320,无症状感染者,奉贤,闭环隔离管控,12
20220320,无症状感染者,奉贤,风险人群筛查,1
20220320,无症状感染者,宝山,闭环隔离管控,11
20220320,无症状感染者,宝山,风险人群筛查,2
20220320,无症状感染者,崇明,闭环隔离管控,12
20220320,无症状感染者,徐汇,闭环隔离管控,39
20220320,无症状感染者,徐汇,风险人群筛查,6
20220320,无症状感染者,普陀,闭环隔离管控,17
20220320,无症状感染者,普陀,风险人群筛查,1
20220320,无症状感染者,杨浦,闭环隔离管控,6
20220320,无症状感染者,杨浦,风险人群筛查,2
20220320,无症状感染者,松江,闭环隔离管控,7
20220320,无症状感染者,松江,风险人群筛查,2
20220320,无症状感染者,浦东,闭环隔离管控,189
20220320,无症状感染者,浦东,风险人群筛查,30
20220320,无症状感染者,虹口,闭环隔离管控,11
20220320,无症状感染者,虹口,风险人群筛查,1
20220320,无症状感染者,金山,闭环隔离管控,11
20220320,无症状感染者,长宁,闭环隔离管控,11
20220320,无症状感染者,长宁,风险人群筛查,1
20220320,无症状感染者,闵行,闭环隔离管控,218
20220320,无症状感染者,闵行,风险人群筛查,29
20220320,无症状感染者,青浦,闭环隔离管控,4
20220320,无症状感染者,静安,闭环隔离管控,31
20220320,无症状感染者,静安,风险人群筛查,1
20220320,无症状感染者,黄浦,闭环隔离管控,36
20220320,无症状感染者,黄浦,风险人群筛查,4
20220320,确诊病例,嘉定,闭环隔离管控,1
20220320,确诊病例,徐汇,风险人群筛查,1
20220320,确诊病例,浦东,闭环隔离管控,1
20220320,确诊病例,长宁,风险人群筛查,1
20220320,确诊病例,闵行,闭环隔离管控,18
20220320,确诊病例,黄浦,闭环隔离管控,2
20220321,无症状感染者,嘉定,闭环隔离管控,96
20220321,无症状感染者,嘉定,风险人群筛查,2
20220321,无症状感染者,奉贤,闭环隔离管控,18
20220321,无症状感染者,奉贤,风险人群筛查,3
20220321,无症状感染者,宝山,闭环隔离管控,61
20220321,无症状感染者,宝山,风险人群筛查,6
20220321,无症状感染者,崇明,闭环隔离管控,34
20220321,无症状感染者,崇明,风险人群筛查,4
20220321,无症状感染者,徐汇,闭环隔离管控,107
20220321,无症状感染者,徐汇,风险人群筛查,19
20220321,无症状感染者,普陀,闭环隔离管控,23
20220321,无症状感染者,普陀,风险人群筛查,7
20220321,无症状感染者,杨浦,闭环隔离管控,9
20220321,无症状感染者,杨浦,风险人群筛查,1
20220321,无症状感染者,松江,闭环隔离管控,30
20220321,无症状感染者,松江,风险人群筛查,8
20220321,无症状感染者,浦东,闭环隔离管控,122
20220321,无症状感染者,浦东,风险人群筛查,41
20220321,无症状感染者,虹口,闭环隔离管控,23
20220321,无症状感染者,金山,闭环隔离管控,14
20220321,无症状感染者,金山,风险人群筛查,1
20220321,无症状感染者,长宁,闭环隔离管控,23
20220321,无症状感染者,长宁,风险人群筛查,3
20220321,无症状感染者,闵行,闭环隔离管控,103
20220321,无症状感染者,闵行,风险人群筛查,9
20220321,无症状感染者,青浦,闭环隔离管控,4
20220321,无症状感染者,青浦,风险人群筛查,1
20220321,无症状感染者,静安,闭环隔离管控,38
20220321,无症状感染者,静安,风险人群筛查,6
20220321,无症状感染者,黄浦,闭环隔离管控,44
20220321,无症状感染者,黄浦,风险人群筛查,5
20220321,确诊病例,嘉定,闭环隔离管控,5
20220321,确诊病例,奉贤,闭环隔离管控,1
20220321,确诊病例,崇明,闭环隔离管控,1
20220321,确诊病例,崇明,风险人群筛查,1
20220321,确诊病例,徐汇,闭环隔离管控,4
20220321,确诊病例,普陀,闭环隔离管控,1
20220321,确诊病例,松江,闭环隔离管控,1
20220321,确诊病例,浦东,闭环隔离管控,6
20220321,确诊病例,金山,闭环隔离管控,1
20220321,确诊病例,闵行,闭环隔离管控,10
20220322,无症状感染者,嘉定,闭环隔离管控,105
20220322,无症状感染者,嘉定,风险人群筛查,4
20220322,无症状感染者,奉贤,闭环隔离管控,7
20220322,无症状感染者,奉贤,风险人群筛查,1
20220322,无症状感染者,宝山,闭环隔离管控,11
20220322,无症状感染者,宝山,风险人群筛查,5
20220322,无症状感染者,崇明,闭环隔离管控,19
20220322,无症状感染者,徐汇,闭环隔离管控,77
20220322,无症状感染者,徐汇,风险人群筛查,8
20220322,无症状感染者,普陀,闭环隔离管控,17
20220322,无症状感染者,普陀,风险人群筛查,4
20220322,无症状感染者,杨浦,闭环隔离管控,2
20220322,无症状感染者,杨浦,风险人群筛查,1
20220322,无症状感染者,松江,闭环隔离管控,31
20220322,无症状感染者,浦东,闭环隔离管控,200
20220322,无症状感染者,浦东,风险人群筛查,37
20220322,无症状感染者,虹口,闭环隔离管控,11
20220322,无症状感染者,虹口,风险人群筛查,2
20220322,无症状感染者,金山,闭环隔离管控,4
20220322,无症状感染者,长宁,闭环隔离管控,16
20220322,无症状感染者,长宁,风险人群筛查,3
20220322,无症状感染者,闵行,闭环隔离管控,285
20220322,无症状感染者,闵行,风险人群筛查,20
20220322,无症状感染者,青浦,闭环隔离管控,19
20220322,无症状感染者,青浦,风险人群筛查,1
20220322,无症状感染者,静安,闭环隔离管控,25
20220322,无症状感染者,静安,风险人群筛查,3
20220322,无症状感染者,黄浦,闭环隔离管控,57
20220322,无症状感染者,黄浦,风险人群筛查,2
20220322,确诊病例,嘉定,闭环隔离管控,2
20220322,确诊病例,徐汇,闭环隔离管控,1
20220322,确诊病例,徐汇,风险人群筛查,1
20220323,无症状感染者,嘉定,闭环隔离管控,65
20220323,无症状感染者,嘉定,风险人群筛查,3
20220323,无症状感染者,奉贤,闭环隔离管控,11
20220323,无症状感染者,宝山,闭环隔离管控,52
20220323,无症状感染者,宝山,风险人群筛查,17
20220323,无症状感染者,崇明,闭环隔离管控,52
20220323,无症状感染者,崇明,风险人群筛查,2
20220323,无症状感染者,徐汇,闭环隔离管控,99
20220323,无症状感染者,徐汇,风险人群筛查,7
20220323,无症状感染者,普陀,闭环隔离管控,30
20220323,无症状感染者,普陀,风险人群筛查,4
20220323,无症状感染者,杨浦,闭环隔离管控,7
20220323,无症状感染者,杨浦,风险人群筛查,4
20220323,无症状感染者,松江,闭环隔离管控,32
20220323,无症状感染者,松江,风险人群筛查,2
20220323,无症状感染者,浦东,闭环隔离管控,185
20220323,无症状感染者,浦东,风险人群筛查,33
20220323,无症状感染者,虹口,闭环隔离管控,23
20220323,无症状感染者,虹口,风险人群筛查,3
20220323,无症状感染者,金山,闭环隔离管控,5
20220323,无症状感染者,长宁,闭环隔离管控,9
20220323,无症状感染者,长宁,风险人群筛查,2
20220323,无症状感染者,闵行,闭环隔离管控,235
20220323,无症状感染者,闵行,风险人群筛查,19
20220323,无症状感染者,青浦,闭环隔离管控,10
20220323,无症状感染者,静安,闭环隔离管控,46
20220323,无症状感染者,静安,风险人群筛查,2
20220323,无症状感染者,黄浦,闭环隔离管控,17
20220323,无症状感染者,黄浦,风险人群筛查,3
20220323,确诊病例,嘉定,闭环隔离管控,1
20220323,确诊病例,奉贤,闭环隔离管控,1
20220323,确诊病例,闵行,闭环隔离管控,2
20220324,无症状感染者,嘉定,闭环隔离管控,127
20220324,无症状感染者,嘉定,风险人群筛查,2
20220324,无症状感染者,奉贤,闭环隔离管控,18
20220324,无症状感染者,奉贤,风险人群筛查,6
20220324,无症状感染者,宝山,闭环隔离管控,83
20220324,无症状感染者,宝山,风险人群筛查,1
20220324,无症状感染者,崇明,闭环隔离管控,82
20220324,无症状感染者,徐汇,闭环隔离管控,143
20220324,无症状感染者,徐汇,风险人群筛查,22
20220324,无症状感染者,普陀,闭环隔离管控,34
20220324,无症状感染者,普陀,风险人群筛查,2
20220324,无症状感染者,杨浦,闭环隔离管控,17
20220324,无症状感染者,杨浦,风险人群筛查,3
20220324,无症状感染者,松江,闭环隔离管控,83
20220324,无症状感染者,松江,风险人群筛查,9
20220324,无症状感染者,浦东,闭环隔离管控,172
20220324,无症状感染者,浦东,风险人群筛查,9
20220324,无症状感染者,虹口,闭环隔离管控,14
20220324,无症状感染者,虹口,风险人群筛查,15
20220324,无症状感染者,金山,闭环隔离管控,10
20220324,无症状感染者,金山,风险人群筛查,2
20220324,无症状感染者,长宁,闭环隔离管控,48
20220324,无症状感染者,长宁,风险人群筛查,11
20220324,无症状感染者,闵行,闭环隔离管控,467
20220324,无症状感染者,闵行,风险人群筛查,23
20220324,无症状感染者,青浦,闭环隔离管控,13
20220324,无症状感染者,静安,闭环隔离管控,58
20220324,无症状感染者,静安,风险人群筛查,4
20220324,无症状感染者,黄浦,闭环隔离管控,86
20220324,无症状感染者,黄浦,风险人群筛查,16
20220324,确诊病例,嘉定,风险人群筛查,1
20220324,确诊病例,宝山,风险人群筛查,3
20220324,确诊病例,徐汇,风险人群筛查,2
20220324,确诊病例,普陀,风险人群筛查,2
20220324,确诊病例,杨浦,风险人群筛查,1
20220324,确诊病例,浦东,闭环隔离管控,11
20220324,确诊病例,浦东,风险人群筛查,1
20220324,确诊病例,静安,闭环隔离管控,1
20220324,确诊病例,静安,风险人群筛查,7
20220325,无症状感染者,嘉定,闭环隔离管控,19
20220325,无症状感染者,宝山,闭环隔离管控,3
20220325,无症状感染者,宝山,风险人群筛查,1
20220325,无症状感染者,崇明,闭环隔离管控,41
20220325,无症状感染者,徐汇,闭环隔离管控,2
20220325,无症状感染者,普陀,闭环隔离管控,6
20220325,无症状感染者,普陀,风险人群筛查,2
20220325,无症状感染者,杨浦,闭环隔离管控,11
20220325,无症状感染者,松江,闭环隔离管控,13
20220325,无症状感染者,松江,风险人群筛查,1
20220325,无症状感染者,浦东,闭环隔离管控,1453
20220325,无症状感染者,浦东,风险人群筛查,430
20220325,无症状感染者,虹口,风险人群筛查,4
20220325,无症状感染者,金山,闭环隔离管控,1
20220325,无症状感染者,长宁,闭环隔离管控,2
20220325,无症状感染者,长宁,风险人群筛查,2
20220325,无症状感染者,闵行,闭环隔离管控,195
20220325,无症状感染者,闵行,风险人群筛查,7
20220325,无症状感染者,青浦,闭环隔离管控,13
20220325,无症状感染者,静安,闭环隔离管控,2
20220325,无症状感染者,黄浦,闭环隔离管控,12
20220325,无症状感染者,黄浦,风险人群筛查,11
20220325,确诊病例,徐汇,此前报告的本土无症状感染,1
20220325,确诊病例,普陀,此前报告的本土无症状感染,1
20220325,确诊病例,松江,此前报告的本土无症状感染,1
20220325,确诊病例,浦东,此前报告的本土无症状感染,1
20220325,确诊病例,浦东,闭环隔离管控,2
20220325,确诊病例,浦东,风险人群筛查,28
20220325,确诊病例,闵行,此前报告的本土无症状感染,1
20220325,确诊病例,闵行,闭环隔离管控,1
20220325,确诊病例,闵行,风险人群筛查,2
20220326,确诊病例,徐汇,闭环隔离管控,1
20220326,确诊病例,静安,闭环隔离管控,1
20220326,确诊病例,虹口,闭环隔离管控,1
20220326,确诊病例,杨浦,闭环隔离管控,1
20220326,确诊病例,闵行,闭环隔离管控,14
20220326,确诊病例,宝山,闭环隔离管控,1
20220326,确诊病例,嘉定,闭环隔离管控,8
20220326,确诊病例,浦东,风险人群筛查,1
20220326,确诊病例,徐汇,风险人群筛查,4
20220326,确诊病例,长宁,风险人群筛查,2
20220326,确诊病例,静安,风险人群筛查,2
20220326,确诊病例,普陀,风险人群筛查,1
20220326,确诊病例,杨浦,风险人群筛查,1
20220326,确诊病例,闵行,风险人群筛查,1
20220326,确诊病例,宝山,风险人群筛查,5
20220326,确诊病例,嘉定,风险人群筛查,1
20220326,无症状感染者,浦东,闭环隔离管控,267
20220326,无症状感染者,黄浦,闭环隔离管控,144
20220326,无症状感染者,徐汇,闭环隔离管控,291
20220326,无症状感染者,长宁,闭环隔离管控,20
20220326,无症状感染者,静安,闭环隔离管控,99
20220326,无症状感染者,普陀,闭环隔离管控,53
20220326,无症状感染者,虹口,闭环隔离管控,36
20220326,无症状感染者,杨浦,闭环隔离管控,13
20220326,无症状感染者,闵行,闭环隔离管控,885
20220326,无症状感染者,宝山,闭环隔离管控,128
20220326,无症状感染者,嘉定,闭环隔离管控,226
20220326,无症状感染者,金山,闭环隔离管控,4
20220326,无症状感染者,松江,闭环隔离管控,70
20220326,无症状感染者,青浦,闭环隔离管控,20
20220326,无症状感染者,奉贤,闭环隔离管控,81
20220326,无症状感染者,崇明,闭环隔离管控,26
20220326,无症状感染者,浦东,风险人群筛查,55
20220326,无症状感染者,黄浦,风险人群筛查,16
20220326,无症状感染者,徐汇,风险人群筛查,35
20220326,无症状感染者,长宁,风险人群筛查,7
20220326,无症状感染者,静安,风险人群筛查,6
20220326,无症状感染者,普陀,风险人群筛查,15
20220326,无症状感染者,虹口,风险人群筛查,13
20220326,无症状感染者,杨浦,风险人群筛查,8
20220326,无症状感染者,闵行,风险人群筛查,72
20220326,无症状感染者,宝山,风险人群筛查,19
20220326,无症状感染者,嘉定,风险人群筛查,7
20220326,无症状感染者,松江,风险人群筛查,9
20220326,无症状感染者,青浦,风险人群筛查,2
20220326,无症状感染者,奉贤,风险人群筛查,3
20220326,无症状感染者,崇明,风险人群筛查,1
20220327,确诊病例,浦东,闭环隔离管控,2
20220327,确诊病例,闵行,闭环隔离管控,15
20220327,确诊病例,浦东,风险人群筛查,2
20220327,确诊病例,黄浦,风险人群筛查,1
20220327,确诊病例,徐汇,风险人群筛查,6
20220327,确诊病例,静安,风险人群筛查,5
20220327,确诊病例,普陀,风险人群筛查,4
20220327,确诊病例,虹口,风险人群筛查,1
20220327,确诊病例,闵行,风险人群筛查,5
20220327,确诊病例,宝山,风险人群筛查,5
20220327,确诊病例,嘉定,风险人群筛查,3
20220327,确诊病例,松江,风险人群筛查,1
20220327,无症状感染者,浦东,闭环隔离管控,1003
20220327,无症状感染者,黄浦,闭环隔离管控,49
20220327,无症状感染者,徐汇,闭环隔离管控,218
20220327,无症状感染者,长宁,闭环隔离管控,41
20220327,无症状感染者,静安,闭环隔离管控,61
20220327,无症状感染者,普陀,闭环隔离管控,49
20220327,无症状感染者,虹口,闭环隔离管控,22
20220327,无症状感染者,杨浦,闭环隔离管控,26
20220327,无症状感染者,闵行,闭环隔离管控,559
20220327,无症状感染者,宝山,闭环隔离管控,74
20220327,无症状感染者,嘉定,闭环隔离管控,236
20220327,无症状感染者,金山,闭环隔离管控,10
20220327,无症状感染者,松江,闭环隔离管控,174
20220327,无症状感染者,青浦,闭环隔离管控,35
20220327,无症状感染者,奉贤,闭环隔离管控,40
20220327,无症状感染者,崇明,闭环隔离管控,236
20220327,无症状感染者,浦东,风险人群筛查,422
20220327,无症状感染者,黄浦,风险人群筛查,6
20220327,无症状感染者,徐汇,风险人群筛查,53
20220327,无症状感染者,长宁,风险人群筛查,4
20220327,无症状感染者,静安,风险人群筛查,4
20220327,无症状感染者,普陀,风险人群筛查,17
20220327,无症状感染者,虹口,风险人群筛查,4
20220327,无症状感染者,杨浦,风险人群筛查,9
20220327,无症状感染者,闵行,风险人群筛查,40
20220327,无症状感染者,宝山,风险人群筛查,15
20220327,无症状感染者,嘉定,风险人群筛查,12
20220327,无症状感染者,金山,风险人群筛查,3
20220327,无症状感染者,松江,风险人群筛查,15
20220327,无症状感染者,青浦,风险人群筛查,8
20220327,无症状感染者,奉贤,风险人群筛查,5
20220329,确诊病例,浦东,闭环隔离管控,4
20220329,确诊病例,徐汇,闭环隔离管控,5
20220329,确诊病例,长宁,闭环隔离管控,1
20220329,确诊病例,闵行,闭环隔离管控,4
20220329,确诊病例,宝山,闭环隔离管控,1
20220329,确诊病例,松江,闭环隔离管控,2
20220329,确诊病例,浦东,风险人群筛查,162
20220329,确诊病例,黄浦,风险人群筛查,6
20220329,确诊病例,徐汇,风险人群筛查,25
20220329,确诊病例,长宁,风险人群筛查,2
20220329,确诊病例,静安,风险人群筛查,7
20220329,确诊病例,普陀,风险人群筛查,5
20220329,确诊病例,虹口,风险人群筛查,7
20220329,确诊病例,杨浦,风险人群筛查,3
20220329,确诊病例,闵行,风险人群筛查,20
20220329,确诊病例,宝山,风险人群筛查,30
20220329,确诊病例,嘉定,风险人群筛查,7
20220329,确诊病例,金山,风险人群筛查,2
20220329,确诊病例,松江,风险人群筛查,13
20220329,确诊病例,奉贤,风险人群筛查,1
20220329,确诊病例,崇明,风险人群筛查,1
20220329,确诊病例,浦东,此前报告的本土无症状感染,3
20220329,确诊病例,徐汇,此前报告的本土无症状感染,4
20220329,确诊病例,静安,此前报告的本土无症状感染,1
20220329,确诊病例,普陀,此前报告的本土无症状感染,1
20220329,确诊病例,闵行,此前报告的本土无症状感染,5
20220329,确诊病例,宝山,此前报告的本土无症状感染,2
20220329,确诊病例,嘉定,此前报告的本土无症状感染,2
20220329,无症状感染者,浦东,闭环隔离管控,1822
20220329,无症状感染者,黄浦,闭环隔离管控,57
20220329,无症状感染者,徐汇,闭环隔离管控,968
20220329,无症状感染者,长宁,闭环隔离管控,27
20220329,无症状感染者,静安,闭环隔离管控,156
20220329,无症状感染者,普陀,闭环隔离管控,99
20220329,无症状感染者,虹口,闭环隔离管控,49
20220329,无症状感染者,杨浦,闭环隔离管控,88
20220329,无症状感染者,闵行,闭环隔离管控,914
20220329,无症状感染者,宝山,闭环隔离管控,270
20220329,无症状感染者,嘉定,闭环隔离管控,233
20220329,无症状感染者,金山,闭环隔离管控,23
20220329,无症状感染者,松江,闭环隔离管控,210
20220329,无症状感染者,青浦,闭环隔离管控,85
20220329,无症状感染者,奉贤,闭环隔离管控,77
20220329,无症状感染者,崇明,闭环隔离管控,53
20220329,无症状感染者,浦东,风险人群筛查,192
20220329,无症状感染者,黄浦,风险人群筛查,47
20220329,无症状感染者,徐汇,风险人群筛查,98
20220329,无症状感染者,静安,风险人群筛查,11
20220329,无症状感染者,普陀,风险人群筛查,8
20220329,无症状感染者,虹口,风险人群筛查,17
20220329,无症状感染者,杨浦,风险人群筛查,8
20220329,无症状感染者,闵行,风险人群筛查,45
20220329,无症状感染者,宝山,风险人群筛查,60
20220329,无症状感染者,嘉定,风险人群筛查,13
20220329,无症状感染者,金山,风险人群筛查,1
20220329,无症状感染者,松江,风险人群筛查,4
20220329,无症状感染者,青浦,风险人群筛查,2
20220329,无症状感染者,奉贤,风险人群筛查,18
20220329,无症状感染者,崇明,风险人群筛查,1
20220330,确诊病例,浦东,闭环隔离管控,2
20220330,确诊病例,黄浦,闭环隔离管控,3
20220330,确诊病例,静安,闭环隔离管控,1
20220330,确诊病例,普陀,闭环隔离管控,1
20220330,确诊病例,杨浦,闭环隔离管控,1
20220330,确诊病例,闵行,闭环隔离管控,1
20220330,确诊病例,松江,闭环隔离管控,1
20220330,确诊病例,浦东,风险人群筛查,246
20220330,确诊病例,黄浦,风险人群筛查,13
20220330,确诊病例,徐汇,风险人群筛查,15
20220330,确诊病例,长宁,风险人群筛查,2
20220330,确诊病例,静安,风险人群筛查,7
20220330,确诊病例,普陀,风险人群筛查,3
20220330,确诊病例,虹口,风险人群筛查,1
20220330,确诊病例,杨浦,风险人群筛查,2
20220330,确诊病例,闵行,风险人群筛查,18
20220330,确诊病例,宝山,风险人群筛查,1
20220330,确诊病例,嘉定,风险人群筛查,8
20220330,确诊病例,松江,风险人群筛查,6
20220330,确诊病例,青浦,风险人群筛查,3
20220330,确诊病例,奉贤,风险人群筛查,4
20220330,确诊病例,浦东,此前报告的本土无症状感染,1
20220330,确诊病例,长宁,此前报告的本土无症状感染,6
20220330,确诊病例,普陀,此前报告的本土无症状感染,2
20220330,确诊病例,嘉定,此前报告的本土无症状感染,1
20220330,确诊病例,松江,此前报告的本土无症状感染,1
20220330,确诊病例,青浦,此前报告的本土无症状感染,2
20220330,确诊病例,奉贤,此前报告的本土无症状感染,3
20220330,无症状感染者,浦东,闭环隔离管控,1660
20220330,无症状感染者,黄浦,闭环隔离管控,275
20220330,无症状感染者,徐汇,闭环隔离管控,294
20220330,无症状感染者,长宁,闭环隔离管控,108
20220330,无症状感染者,静安,闭环隔离管控,78
20220330,无症状感染者,普陀,闭环隔离管控,111
20220330,无症状感染者,虹口,闭环隔离管控,29
20220330,无症状感染者,杨浦,闭环隔离管控,91
20220330,无症状感染者,闵行,闭环隔离管控,680
20220330,无症状感染者,宝山,闭环隔离管控,485
20220330,无症状感染者,嘉定,闭环隔离管控,108
20220330,无症状感染者,金山,闭环隔离管控,30
20220330,无症状感染者,松江,闭环隔离管控,211
20220330,无症状感染者,青浦,闭环隔离管控,63
20220330,无症状感染者,奉贤,闭环隔离管控,63
20220330,无症状感染者,崇明,闭环隔离管控,191
20220330,无症状感染者,浦东,风险人群筛查,298
20220330,无症状感染者,黄浦,风险人群筛查,70
20220330,无症状感染者,徐汇,风险人群筛查,95
20220330,无症状感染者,长宁,风险人群筛查,12
20220330,无症状感染者,静安,风险人群筛查,16
20220330,无症状感染者,普陀,风险人群筛查,29
20220330,无症状感染者,虹口,风险人群筛查,54
20220330,无症状感染者,杨浦,风险人群筛查,6
20220330,无症状感染者,闵行,风险人群筛查,81
20220330,无症状感染者,宝山,风险人群筛查,18
20220330,无症状感染者,嘉定,风险人群筛查,41
20220330,无症状感染者,金山,风险人群筛查,3
20220330,无症状感染者,松江,风险人群筛查,27
20220330,无症状感染者,青浦,风险人群筛查,9
20220330,无症状感染者,奉贤,风险人群筛查,60
20220330,无症状感染者,崇明,风险人群筛查,2
20220331,确诊病例,浦东,闭环隔离管控,5
20220331,确诊病例,黄浦,闭环隔离管控,1
20220331,确诊病例,徐汇,闭环隔离管控,1
20220331,确诊病例,静安,闭环隔离管控,1
20220331,确诊病例,浦东,风险人群筛查,173
20220331,确诊病例,黄浦,风险人群筛查,5
20220331,确诊病例,徐汇,风险人群筛查,17
20220331,确诊病例,长宁,风险人群筛查,42
20220331,确诊病例,静安,风险人群筛查,3
20220331,确诊病例,普陀,风险人群筛查,4
20220331,确诊病例,虹口,风险人群筛查,8
20220331,确诊病例,杨浦,风险人群筛查,3
20220331,确诊病例,闵行,风险人群筛查,52
20220331,确诊病例,宝山,风险人群筛查,4
20220331,确诊病例,嘉定,风险人群筛查,6
20220331,确诊病例,金山,风险人群筛查,3
20220331,确诊病例,松江,风险人群筛查,4
20220331,确诊病例,奉贤,风险人群筛查,5
20220331,确诊病例,崇明,风险人群筛查,1
20220331,确诊病例,浦东,此前报告的本土无症状感染,2
20220331,确诊病例,黄浦,此前报告的本土无症状感染,1
20220331,确诊病例,徐汇,此前报告的本土无症状感染,2
20220331,确诊病例,长宁,此前报告的本土无症状感染,1
20220331,确诊病例,普陀,此前报告的本土无症状感染,2
20220331,确诊病例,杨浦,此前报告的本土无症状感染,2
20220331,确诊病例,闵行,此前报告的本土无症状感染,7
20220331,确诊病例,嘉定,此前报告的本土无症状感染,1
20220331,确诊病例,松江,此前报告的本土无症状感染,1
20220331,确诊病例,青浦,此前报告的本土无症状感染,1
20220331,无症状感染者,浦东,闭环隔离管控,2080
20220331,无症状感染者,黄浦,闭环隔离管控,92
20220331,无症状感染者,徐汇,闭环隔离管控,184
20220331,无症状感染者,长宁,闭环隔离管控,179
20220331,无症状感染者,静安,闭环隔离管控,147
20220331,无症状感染者,普陀,闭环隔离管控,5
20220331,无症状感染者,虹口,闭环隔离管控,96
20220331,无症状感染者,杨浦,闭环隔离管控,156
20220331,无症状感染者,闵行,闭环隔离管控,273
20220331,无症状感染者,宝山,闭环隔离管控,5
20220331,无症状感染者,嘉定,闭环隔离管控,36
20220331,无症状感染者,金山,闭环隔离管控,38
20220331,无症状感染者,松江,闭环隔离管控,146
20220331,无症状感染者,青浦,闭环隔离管控,73
20220331,无症状感染者,奉贤,闭环隔离管控,173
20220331,无症状感染者,崇明,闭环隔离管控,27
20220331,无症状感染者,浦东,风险人群筛查,147
20220331,无症状感染者,黄浦,风险人群筛查,22
20220331,无症状感染者,徐汇,风险人群筛查,22
20220331,无症状感染者,长宁,风险人群筛查,34
20220331,无症状感染者,静安,风险人群筛查,13
20220331,无症状感染者,普陀,风险人群筛查,4
20220331,无症状感染者,虹口,风险人群筛查,24
20220331,无症状感染者,杨浦,风险人群筛查,13
20220331,无症状感染者,闵行,风险人群筛查,60
20220331,无症状感染者,宝山,风险人群筛查,8
20220331,无症状感染者,嘉定,风险人群筛查,11
20220331,无症状感染者,金山,风险人群筛查,1
20220331,无症状感染者,松江,风险人群筛查,33
20220331,无症状感染者,青浦,风险人群筛查,21
20220331,无症状感染者,奉贤,风险人群筛查,5
20220331,无症状感染者,崇明,风险人群筛查,16
20220401,确诊病例,浦东,闭环隔离管控,2
20220401,确诊病例,徐汇,闭环隔离管控,2
20220401,确诊病例,普陀,闭环隔离管控,2
20220401,确诊病例,嘉定,闭环隔离管控,2
20220401,确诊病例,浦东,风险人群筛查,77
20220401,确诊病例,黄浦,风险人群筛查,5
20220401,确诊病例,徐汇,风险人群筛查,35
20220401,确诊病例,静安,风险人群筛查,11
20220401,确诊病例,普陀,风险人群筛查,11
20220401,确诊病例,虹口,风险人群筛查,3
20220401,确诊病例,杨浦,风险人群筛查,10
20220401,确诊病例,闵行,风险人群筛查,57
20220401,确诊病例,宝山,风险人群筛查,9
20220401,确诊病例,嘉定,风险人群筛查,7
20220401,确诊病例,金山,风险人群筛查,3
20220401,确诊病例,松江,风险人群筛查,19
20220401,确诊病例,奉贤,风险人群筛查,2
20220401,确诊病例,崇明,风险人群筛查,1
20220401,确诊病例,杨浦,此前报告的本土无症状感染,1
20220401,确诊病例,宝山,此前报告的本土无症状感染,1
20220401,无症状感染者,浦东,闭环隔离管控,2426
20220401,无症状感染者,黄浦,闭环隔离管控,238
20220401,无症状感染者,徐汇,闭环隔离管控,385
20220401,无症状感染者,长宁,闭环隔离管控,32
20220401,无症状感染者,静安,闭环隔离管控,147
20220401,无症状感染者,普陀,闭环隔离管控,198
20220401,无症状感染者,虹口,闭环隔离管控,43
20220401,无症状感染者,杨浦,闭环隔离管控,106
20220401,无症状感染者,闵行,闭环隔离管控,833
20220401,无症状感染者,宝山,闭环隔离管控,16
20220401,无症状感染者,嘉定,闭环隔离管控,164
20220401,无症状感染者,金山,闭环隔离管控,46
20220401,无症状感染者,松江,闭环隔离管控,453
20220401,无症状感染者,青浦,闭环隔离管控,76
20220401,无症状感染者,奉贤,闭环隔离管控,156
20220401,无症状感染者,崇明,闭环隔离管控,83
20220401,无症状感染者,浦东,风险人群筛查,79
20220401,无症状感染者,黄浦,风险人群筛查,17
20220401,无症状感染者,徐汇,风险人群筛查,217
20220401,无症状感染者,长宁,风险人群筛查,5
20220401,无症状感染者,静安,风险人群筛查,31
20220401,无症状感染者,普陀,风险人群筛查,34
20220401,无症状感染者,虹口,风险人群筛查,15
20220401,无症状感染者,杨浦,风险人群筛查,17
20220401,无症状感染者,闵行,风险人群筛查,153
20220401,无症状感染者,宝山,风险人群筛查,19
20220401,无症状感染者,嘉定,风险人群筛查,27
20220401,无症状感染者,松江,风险人群筛查,21
20220401,无症状感染者,青浦,风险人群筛查,11
20220401,无症状感染者,奉贤,风险人群筛查,3
20220402,确诊病例,浦东,闭环隔离管控,4
20220402,确诊病例,黄浦,闭环隔离管控,3
20220402,确诊病例,徐汇,闭环隔离管控,2
20220402,确诊病例,虹口,闭环隔离管控,1
20220402,确诊病例,宝山,闭环隔离管控,1
20220402,确诊病例,嘉定,闭环隔离管控,3
20220402,确诊病例,松江,闭环隔离管控,1
20220402,确诊病例,奉贤,闭环隔离管控,1
20220402,确诊病例,浦东,风险人群筛查,95
20220402,确诊病例,黄浦,风险人群筛查,21
20220402,确诊病例,徐汇,风险人群筛查,35
20220402,确诊病例,长宁,风险人群筛查,3
20220402,确诊病例,静安,风险人群筛查,24
20220402,确诊病例,普陀,风险人群筛查,35
20220402,确诊病例,虹口,风险人群筛查,24
20220402,确诊病例,杨浦,风险人群筛查,16
20220402,确诊病例,闵行,风险人群筛查,39
20220402,确诊病例,宝山,风险人群筛查,28
20220402,确诊病例,嘉定,风险人群筛查,18
20220402,确诊病例,松江,风险人群筛查,3
20220402,确诊病例,青浦,风险人群筛查,3
20220402,确诊病例,奉贤,风险人群筛查,5
20220402,确诊病例,浦东,此前报告的本土无症状感染,9
20220402,确诊病例,黄浦,此前报告的本土无症状感染,3
20220402,确诊病例,徐汇,此前报告的本土无症状感染,7
20220402,确诊病例,长宁,此前报告的本土无症状感染,4
20220402,确诊病例,静安,此前报告的本土无症状感染,2
20220402,确诊病例,普陀,此前报告的本土无症状感染,4
20220402,确诊病例,虹口,此前报告的本土无症状感染,5
20220402,确诊病例,杨浦,此前报告的本土无症状感染,3
20220402,确诊病例,闵行,此前报告的本土无症状感染,16
20220402,确诊病例,宝山,此前报告的本土无症状感染,6
20220402,确诊病例,嘉定,此前报告的本土无症状感染,5
20220402,确诊病例,松江,此前报告的本土无症状感染,4
20220402,确诊病例,奉贤,此前报告的本土无症状感染,2
20220402,确诊病例,崇明,此前报告的本土无症状感染,3
20220402,无症状感染者,浦东,闭环隔离管控,1825
20220402,无症状感染者,黄浦,闭环隔离管控,485
20220402,无症状感染者,徐汇,闭环隔离管控,744
20220402,无症状感染者,长宁,闭环隔离管控,81
20220402,无症状感染者,静安,闭环隔离管控,261
20220402,无症状感染者,普陀,闭环隔离管控,290
20220402,无症状感染者,虹口,闭环隔离管控,174
20220402,无症状感染者,杨浦,闭环隔离管控,233
20220402,无症状感染者,闵行,闭环隔离管控,692
20220402,无症状感染者,宝山,闭环隔离管控,396
20220402,无症状感染者,嘉定,闭环隔离管控,536
20220402,无症状感染者,金山,闭环隔离管控,60
20220402,无症状感染者,松江,闭环隔离管控,548
20220402,无症状感染者,青浦,闭环隔离管控,192
20220402,无症状感染者,奉贤,闭环隔离管控,146
20220402,无症状感染者,崇明,闭环隔离管控,110
20220402,无症状感染者,浦东,风险人群筛查,105
20220402,无症状感染者,黄浦,风险人群筛查,147
20220402,无症状感染者,徐汇,风险人群筛查,254
20220402,无症状感染者,长宁,风险人群筛查,12
20220402,无症状感染者,静安,风险人群筛查,37
20220402,无症状感染者,普陀,风险人群筛查,59
20220402,无症状感染者,虹口,风险人群筛查,138
20220402,无症状感染者,杨浦,风险人群筛查,22
20220402,无症状感染者,闵行,风险人群筛查,82
20220402,无症状感染者,宝山,风险人群筛查,54
20220402,无症状感染者,嘉定,风险人群筛查,55
20220402,无症状感染者,松江,风险人群筛查,11
20220402,无症状感染者,青浦,风险人群筛查,36
20220402,无症状感染者,奉贤,风险人群筛查,3
20220403,确诊病例,浦东,闭环隔离管控,3
20220403,确诊病例,黄浦,闭环隔离管控,1
20220403,确诊病例,长宁,闭环隔离管控,1
20220403,确诊病例,静安,闭环隔离管控,1
20220403,确诊病例,宝山,闭环隔离管控,1
20220403,确诊病例,浦东,风险人群筛查,126
20220403,确诊病例,黄浦,风险人群筛查,10
20220403,确诊病例,徐汇,风险人群筛查,27
20220403,确诊病例,长宁,风险人群筛查,13
20220403,确诊病例,静安,风险人群筛查,25
20220403,确诊病例,普陀,风险人群筛查,21
20220403,确诊病例,虹口,风险人群筛查,9
20220403,确诊病例,杨浦,风险人群筛查,29
20220403,确诊病例,闵行,风险人群筛查,46
20220403,确诊病例,宝山,风险人群筛查,22
20220403,确诊病例,嘉定,风险人群筛查,9
20220403,确诊病例,金山,风险人群筛查,4
20220403,确诊病例,青浦,风险人群筛查,2
20220403,确诊病例,奉贤,风险人群筛查,3
20220403,确诊病例,崇明,风险人群筛查,1
20220403,确诊病例,浦东,此前报告的本土无症状感染,11
20220403,确诊病例,黄浦,此前报告的本土无症状感染,3
20220403,确诊病例,徐汇,此前报告的本土无症状感染,7
20220403,确诊病例,静安,此前报告的本土无症状感染,3
20220403,确诊病例,虹口,此前报告的本土无症状感染,2
20220403,确诊病例,杨浦,此前报告的本土无症状感染,1
20220403,确诊病例,闵行,此前报告的本土无症状感染,22
20220403,确诊病例,宝山,此前报告的本土无症状感染,9
20220403,确诊病例,嘉定,此前报告的本土无症状感染,5
20220403,确诊病例,松江,此前报告的本土无症状感染,6
20220403,确诊病例,青浦,此前报告的本土无症状感染,1
20220403,确诊病例,奉贤,此前报告的本土无症状感染,1
20220403,无症状感染者,浦东,闭环隔离管控,3308
20220403,无症状感染者,黄浦,闭环隔离管控,773
20220403,无症状感染者,徐汇,闭环隔离管控,393
20220403,无症状感染者,长宁,闭环隔离管控,84
20220403,无症状感染者,静安,闭环隔离管控,264
20220403,无症状感染者,普陀,闭环隔离管控,243
20220403,无症状感染者,虹口,闭环隔离管控,157
20220403,无症状感染者,杨浦,闭环隔离管控,314
20220403,无症状感染者,闵行,闭环隔离管控,812
20220403,无症状感染者,宝山,闭环隔离管控,371
20220403,无症状感染者,嘉定,闭环隔离管控,383
20220403,无症状感染者,金山,闭环隔离管控,92
20220403,无症状感染者,松江,闭环隔离管控,234
20220403,无症状感染者,青浦,闭环隔离管控,224
20220403,无症状感染者,奉贤,闭环隔离管控,105
20220403,无症状感染者,崇明,闭环隔离管控,163
20220403,无症状感染者,浦东,风险人群筛查,206
20220403,无症状感染者,黄浦,风险人群筛查,37
20220403,无症状感染者,徐汇,风险人群筛查,72
20220403,无症状感染者,长宁,风险人群筛查,6
20220403,无症状感染者,静安,风险人群筛查,45
20220403,无症状感染者,普陀,风险人群筛查,57
20220403,无症状感染者,虹口,风险人群筛查,20
20220403,无症状感染者,杨浦,风险人群筛查,30
20220403,无症状感染者,闵行,风险人群筛查,60
20220403,无症状感染者,宝山,风险人群筛查,64
20220403,无症状感染者,嘉定,风险人群筛查,18
20220403,无症状感染者,金山,风险人群筛查,7
20220403,无症状感染者,松江,风险人群筛查,23
20220403,无症状感染者,青浦,风险人群筛查,5
20220403,无症状感染者,奉贤,风险人群筛查,10
20220403,无症状感染者,崇明,风险人群筛查,1
20220404,确诊病例,浦东,闭环隔离管控,6
20220404,确诊病例,黄浦,闭环隔离管控,1
20220404,确诊病例,普陀,闭环隔离管控,1
20220404,确诊病例,虹口,闭环隔离管控,2
20220404,确诊病例,杨浦,闭环隔离管控,1
20220404,确诊病例,闵行,闭环隔离管控,1
20220404,确诊病例,嘉定,闭环隔离管控,1
20220404,确诊病例,松江,闭环隔离管控,1
20220404,确诊病例,浦东,风险人群筛查,197
20220404,确诊病例,黄浦,风险人群筛查,7
20220404,确诊病例,徐汇,风险人群筛查,8
20220404,确诊病例,长宁,风险人群筛查,1
20220404,确诊病例,静安,风险人群筛查,1
20220404,确诊病例,普陀,风险人群筛查,3
20220404,确诊病例,虹口,风险人群筛查,3
20220404,确诊病例,杨浦,风险人群筛查,9
20220404,确诊病例,闵行,风险人群筛查,8
20220404,确诊病例,宝山,风险人群筛查,1
20220404,确诊病例,嘉定,风险人群筛查,3
20220404,确诊病例,金山,风险人群筛查,1
20220404,确诊病例,松江,风险人群筛查,5
20220404,确诊病例,青浦,风险人群筛查,1
20220404,确诊病例,奉贤,风险人群筛查,2
20220404,确诊病例,浦东,此前报告的本土无症状感染,2
20220404,确诊病例,闵行,此前报告的本土无症状感染,2
20220404,无症状感染者,浦东,闭环隔离管控,6518
20220404,无症状感染者,黄浦,闭环隔离管控,933
20220404,无症状感染者,徐汇,闭环隔离管控,1193
20220404,无症状感染者,长宁,闭环隔离管控,30
20220404,无症状感染者,静安,闭环隔离管控,44
20220404,无症状感染者,普陀,闭环隔离管控,240
20220404,无症状感染者,虹口,闭环隔离管控,594
20220404,无症状感染者,杨浦,闭环隔离管控,200
20220404,无症状感染者,闵行,闭环隔离管控,1339
20220404,无症状感染者,宝山,闭环隔离管控,262
20220404,无症状感染者,嘉定,闭环隔离管控,229
20220404,无症状感染者,金山,闭环隔离管控,50
20220404,无症状感染者,松江,闭环隔离管控,544
20220404,无症状感染者,青浦,闭环隔离管控,309
20220404,无症状感染者,奉贤,闭环隔离管控,60
20220404,无症状感染者,崇明,闭环隔离管控,47
20220404,无症状感染者,浦东,风险人群筛查,348
20220404,无症状感染者,黄浦,风险人群筛查,29
20220404,无症状感染者,徐汇,风险人群筛查,28
20220404,无症状感染者,长宁,风险人群筛查,2
20220404,无症状感染者,静安,风险人群筛查,5
20220404,无症状感染者,普陀,风险人群筛查,10
20220404,无症状感染者,虹口,风险人群筛查,9
20220404,无症状感染者,杨浦,风险人群筛查,10
20220404,无症状感染者,闵行,风险人群筛查,31
20220404,无症状感染者,宝山,风险人群筛查,2
20220404,无症状感染者,嘉定,风险人群筛查,4
20220404,无症状感染者,金山,风险人群筛查,1
20220404,无症状感染者,松江,风险人群筛查,9
20220404,无症状感染者,青浦,风险人群筛查,4
20220404,无症状感染者,奉贤,风险人群筛查,2
20220405,确诊病例,浦东,闭环隔离管控,1
20220405,确诊病例,徐汇,闭环隔离管控,1
20220405,确诊病例,宝山,闭环隔离管控,1
20220405,确诊病例,松江,闭环隔离管控,1
20220405,确诊病例,浦东,风险人群筛查,155
20220405,确诊病例,黄浦,风险人群筛查,13
20220405,确诊病例,徐汇,风险人群筛查,19
20220405,确诊病例,长宁,风险人群筛查,5
20220405,确诊病例,静安,风险人群筛查,11
20220405,确诊病例,普陀,风险人群筛查,6
20220405,确诊病例,虹口,风险人群筛查,7
20220405,确诊病例,杨浦,风险人群筛查,10
20220405,确诊病例,闵行,风险人群筛查,14
20220405,确诊病例,宝山,风险人群筛查,5
20220405,确诊病例,嘉定,风险人群筛查,5
20220405,确诊病例,金山,风险人群筛查,1
20220405,确诊病例,松江,风险人群筛查,8
20220405,确诊病例,青浦,风险人群筛查,6
20220405,确诊病例,奉贤,风险人群筛查,2
20220405,确诊病例,浦东,此前报告的本土无症状感染,6
20220405,确诊病例,黄浦,此前报告的本土无症状感染,3
20220405,确诊病例,徐汇,此前报告的本土无症状感染,3
20220405,确诊病例,长宁,此前报告的本土无症状感染,1
20220405,确诊病例,静安,此前报告的本土无症状感染,1
20220405,确诊病例,普陀,此前报告的本土无症状感染,1
20220405,确诊病例,虹口,此前报告的本土无症状感染,1
20220405,确诊病例,杨浦,此前报告的本土无症状感染,1
20220405,确诊病例,闵行,此前报告的本土无症状感染,9
20220405,确诊病例,宝山,此前报告的本土无症状感染,1
20220405,确诊病例,嘉定,此前报告的本土无症状感染,6
20220405,确诊病例,松江,此前报告的本土无症状感染,5
20220405,确诊病例,崇明,此前报告的本土无症状感染,2
20220405,无症状感染者,浦东,闭环隔离管控,7752
20220405,无症状感染者,黄浦,闭环隔离管控,607
20220405,无症状感染者,徐汇,闭环隔离管控,827
20220405,无症状感染者,长宁,闭环隔离管控,73
20220405,无症状感染者,静安,闭环隔离管控,273
20220405,无症状感染者,普陀,闭环隔离管控,467
20220405,无症状感染者,虹口,闭环隔离管控,393
20220405,无症状感染者,杨浦,闭环隔离管控,586
20220405,无症状感染者,闵行,闭环隔离管控,2863
20220405,无症状感染者,宝山,闭环隔离管控,533
20220405,无症状感染者,嘉定,闭环隔离管控,466
20220405,无症状感染者,金山,闭环隔离管控,76
20220405,无症状感染者,松江,闭环隔离管控,750
20220405,无症状感染者,青浦,闭环隔离管控,376
20220405,无症状感染者,奉贤,闭环隔离管控,138
20220405,无症状感染者,崇明,闭环隔离管控,76
20220405,无症状感染者,浦东,风险人群筛查,231
20220405,无症状感染者,黄浦,风险人群筛查,35
20220405,无症状感染者,徐汇,风险人群筛查,70
20220405,无症状感染者,长宁,风险人群筛查,5
20220405,无症状感染者,静安,风险人群筛查,17
20220405,无症状感染者,普陀,风险人群筛查,9
20220405,无症状感染者,虹口,风险人群筛查,9
20220405,无症状感染者,杨浦,风险人群筛查,26
20220405,无症状感染者,闵行,风险人群筛查,51
20220405,无症状感染者,宝山,风险人群筛查,14
20220405,无症状感染者,嘉定,风险人群筛查,4
20220405,无症状感染者,松江,风险人群筛查,32
20220405,无症状感染者,青浦,风险人群筛查,2
20220405,无症状感染者,奉贤,风险人群筛查,4
20220405,无症状感染者,崇明,风险人群筛查,1
20220406,确诊病例,浦东,闭环隔离管控,4
20220406,确诊病例,黄浦,闭环隔离管控,2
20220406,确诊病例,静安,闭环隔离管控,1
20220406,确诊病例,普陀,闭环隔离管控,1
20220406,确诊病例,杨浦,闭环隔离管控,3
20220406,确诊病例,松江,闭环隔离管控,1
20220406,确诊病例,浦东,风险人群筛查,139
20220406,确诊病例,黄浦,风险人群筛查,7
20220406,确诊病例,徐汇,风险人群筛查,16
20220406,确诊病例,长宁,风险人群筛查,30
20220406,确诊病例,静安,风险人群筛查,25
20220406,确诊病例,普陀,风险人群筛查,26
20220406,确诊病例,虹口,风险人群筛查,1
20220406,确诊病例,杨浦,风险人群筛查,9
20220406,确诊病例,闵行,风险人群筛查,20
20220406,确诊病例,宝山,风险人群筛查,9
20220406,确诊病例,嘉定,风险人群筛查,5
20220406,确诊病例,金山,风险人群筛查,3
20220406,确诊病例,松江,风险人群筛查,1
20220406,确诊病例,青浦,风险人群筛查,4
20220406,确诊病例,浦东,此前报告的本土无症状感染,8
20220406,确诊病例,徐汇,此前报告的本土无症状感染,3
20220406,确诊病例,长宁,此前报告的本土无症状感染,1
20220406,确诊病例,静安,此前报告的本土无症状感染,1
20220406,确诊病例,闵行,此前报告的本土无症状感染,1
20220406,确诊病例,嘉定,此前报告的本土无症状感染,1
20220406,无症状感染者,浦东,闭环隔离管控,7955
20220406,无症状感染者,黄浦,闭环隔离管控,996
20220406,无症状感染者,徐汇,闭环隔离管控,1059
20220406,无症状感染者,长宁,闭环隔离管控,305
20220406,无症状感染者,静安,闭环隔离管控,501
20220406,无症状感染者,普陀,闭环隔离管控,990
20220406,无症状感染者,虹口,闭环隔离管控,613
20220406,无症状感染者,杨浦,闭环隔离管控,598
20220406,无症状感染者,闵行,闭环隔离管控,2354
20220406,无症状感染者,宝山,闭环隔离管控,634
20220406,无症状感染者,嘉定,闭环隔离管控,1375
20220406,无症状感染者,金山,闭环隔离管控,74
20220406,无症状感染者,松江,闭环隔离管控,775
20220406,无症状感染者,青浦,闭环隔离管控,464
20220406,无症状感染者,奉贤,闭环隔离管控,272
20220406,无症状感染者,崇明,闭环隔离管控,62
20220406,无症状感染者,浦东,风险人群筛查,351
20220406,无症状感染者,黄浦,风险人群筛查,39
20220406,无症状感染者,徐汇,风险人群筛查,29
20220406,无症状感染者,长宁,风险人群筛查,14
20220406,无症状感染者,静安,风险人群筛查,17
20220406,无症状感染者,普陀,风险人群筛查,16
20220406,无症状感染者,虹口,风险人群筛查,54
20220406,无症状感染者,杨浦,风险人群筛查,20
20220406,无症状感染者,闵行,风险人群筛查,34
20220406,无症状感染者,宝山,风险人群筛查,17
20220406,无症状感染者,嘉定,风险人群筛查,27
20220406,无症状感染者,金山,风险人群筛查,2
20220406,无症状感染者,松江,风险人群筛查,4
20220406,无症状感染者,青浦,风险人群筛查,2
20220406,无症状感染者,奉贤,风险人群筛查,6
20220406,无症状感染者,崇明,风险人群筛查,1
20220407,确诊病例,浦东,闭环隔离管控,1
20220407,确诊病例,闵行,闭环隔离管控,1
20220407,确诊病例,松江,闭环隔离管控,93
20220407,确诊病例,奉贤,闭环隔离管控,26
20220407,确诊病例,浦东,风险人群筛查,251
20220407,确诊病例,黄浦,风险人群筛查,6
20220407,确诊病例,徐汇,风险人群筛查,12
20220407,确诊病例,长宁,风险人群筛查,11
20220407,确诊病例,静安,风险人群筛查,5
20220407,确诊病例,普陀,风险人群筛查,6
20220407,确诊病例,杨浦,风险人群筛查,16
20220407,确诊病例,闵行,风险人群筛查,60
20220407,确诊病例,宝山,风险人群筛查,4
20220407,确诊病例,嘉定,风险人群筛查,5
20220407,确诊病例,金山,风险人群筛查,1
20220407,确诊病例,松江,风险人群筛查,2
20220407,确诊病例,奉贤,风险人群筛查,1
20220407,确诊病例,浦东,此前报告的本土无症状感染,55
20220407,确诊病例,黄浦,此前报告的本土无症状感染,8
20220407,确诊病例,徐汇,此前报告的本土无症状感染,31
20220407,确诊病例,长宁,此前报告的本土无症状感染,18
20220407,确诊病例,静安,此前报告的本土无症状感染,17
20220407,确诊病例,普陀,此前报告的本土无症状感染,5
20220407,确诊病例,虹口,此前报告的本土无症状感染,18
20220407,确诊病例,杨浦,此前报告的本土无症状感染,21
20220407,确诊病例,闵行,此前报告的本土无症状感染,34
20220407,确诊病例,宝山,此前报告的本土无症状感染,5
20220407,确诊病例,嘉定,此前报告的本土无症状感染,18
20220407,确诊病例,金山,此前报告的本土无症状感染,71
20220407,确诊病例,松江,此前报告的本土无症状感染,12
20220407,确诊病例,青浦,此前报告的本土无症状感染,4
20220407,确诊病例,奉贤,此前报告的本土无症状感染,4
20220407,确诊病例,崇明,此前报告的本土无症状感染,2
20220407,无症状感染者,浦东,闭环隔离管控,8319
20220407,无症状感染者,黄浦,闭环隔离管控,1321
20220407,无症状感染者,徐汇,闭环隔离管控,2022
20220407,无症状感染者,长宁,闭环隔离管控,812
20220407,无症状感染者,静安,闭环隔离管控,352
20220407,无症状感染者,普陀,闭环隔离管控,925
20220407,无症状感染者,虹口,闭环隔离管控,557
20220407,无症状感染者,杨浦,闭环隔离管控,559
20220407,无症状感染者,闵行,闭环隔离管控,2131
20220407,无症状感染者,宝山,闭环隔离管控,401
20220407,无症状感染者,嘉定,闭环隔离管控,905
20220407,无症状感染者,金山,闭环隔离管控,51
20220407,无症状感染者,松江,闭环隔离管控,638
20220407,无症状感染者,青浦,闭环隔离管控,486
20220407,无症状感染者,奉贤,闭环隔离管控,60
20220407,无症状感染者,崇明,闭环隔离管控,259
20220407,无症状感染者,浦东,风险人群筛查,424
20220407,无症状感染者,黄浦,风险人群筛查,45
20220407,无症状感染者,徐汇,风险人群筛查,11
20220407,无症状感染者,长宁,风险人群筛查,11
20220407,无症状感染者,静安,风险人群筛查,7
20220407,无症状感染者,普陀,风险人群筛查,21
20220407,无症状感染者,虹口,风险人群筛查,11
20220407,无症状感染者,杨浦,风险人群筛查,13
20220407,无症状感染者,闵行,风险人群筛查,31
20220407,无症状感染者,宝山,风险人群筛查,4
20220407,无症状感染者,嘉定,风险人群筛查,5
20220407,无症状感染者,金山,风险人群筛查,6
20220407,无症状感染者,松江,风险人群筛查,6
20220407,无症状感染者,青浦,风险人群筛查,3
20220407,无症状感染者,奉贤,风险人群筛查,1
20220407,无症状感染者,崇明,风险人群筛查,1
20220408,确诊病例,浦东,闭环隔离管控,133
20220408,确诊病例,徐汇,闭环隔离管控,56
20220408,确诊病例,静安,闭环隔离管控,2
20220408,确诊病例,普陀,闭环隔离管控,1
20220408,确诊病例,宝山,闭环隔离管控,1
20220408,确诊病例,嘉定,闭环隔离管控,12
20220408,确诊病例,松江,闭环隔离管控,87
20220408,确诊病例,青浦,闭环隔离管控,9
20220408,确诊病例,浦东,风险人群筛查,172
20220408,确诊病例,黄浦,风险人群筛查,7
20220408,确诊病例,徐汇,风险人群筛查,20
20220408,确诊病例,长宁,风险人群筛查,9
20220408,确诊病例,静安,风险人群筛查,23
20220408,确诊病例,普陀,风险人群筛查,8
20220408,确诊病例,虹口,风险人群筛查,2
20220408,确诊病例,杨浦,风险人群筛查,5
20220408,确诊病例,闵行,风险人群筛查,23
20220408,确诊病例,宝山,风险人群筛查,6
20220408,确诊病例,嘉定,风险人群筛查,3
20220408,确诊病例,金山,风险人群筛查,2
20220408,确诊病例,松江,风险人群筛查,4
20220408,确诊病例,青浦,风险人群筛查,7
20220408,确诊病例,奉贤,风险人群筛查,1
20220408,确诊病例,崇明,风险人群筛查,2
20220408,确诊病例,浦东,此前报告的本土无症状感染,43
20220408,确诊病例,黄浦,此前报告的本土无症状感染,34
20220408,确诊病例,徐汇,此前报告的本土无症状感染,38
20220408,确诊病例,长宁,此前报告的本土无症状感染,11
20220408,确诊病例,静安,此前报告的本土无症状感染,17
20220408,确诊病例,普陀,此前报告的本土无症状感染,12
20220408,确诊病例,虹口,此前报告的本土无症状感染,16
20220408,确诊病例,杨浦,此前报告的本土无症状感染,7
20220408,确诊病例,闵行,此前报告的本土无症状感染,39
20220408,确诊病例,宝山,此前报告的本土无症状感染,22
20220408,确诊病例,嘉定,此前报告的本土无症状感染,101
20220408,确诊病例,金山,此前报告的本土无症状感染,43
20220408,确诊病例,松江,此前报告的本土无症状感染,17
20220408,确诊病例,青浦,此前报告的本土无症状感染,8
20220408,确诊病例,奉贤,此前报告的本土无症状感染,11
20220408,确诊病例,崇明,此前报告的本土无症状感染,1
20220408,无症状感染者,浦东,闭环隔离管控,6622
20220408,无症状感染者,黄浦,闭环隔离管控,2532
20220408,无症状感染者,徐汇,闭环隔离管控,1314
20220408,无症状感染者,长宁,闭环隔离管控,591
20220408,无症状感染者,静安,闭环隔离管控,598
20220408,无症状感染者,普陀,闭环隔离管控,1026
20220408,无症状感染者,虹口,闭环隔离管控,355
20220408,无症状感染者,杨浦,闭环隔离管控,671
20220408,无症状感染者,闵行,闭环隔离管控,2753
20220408,无症状感染者,宝山,闭环隔离管控,2777
20220408,无症状感染者,嘉定,闭环隔离管控,1362
20220408,无症状感染者,金山,闭环隔离管控,40
20220408,无症状感染者,松江,闭环隔离管控,648
20220408,无症状感染者,青浦,闭环隔离管控,316
20220408,无症状感染者,奉贤,闭环隔离管控,83
20220408,无症状感染者,崇明,闭环隔离管控,165
20220408,无症状感染者,浦东,风险人群筛查,316
20220408,无症状感染者,黄浦,风险人群筛查,34
20220408,无症状感染者,徐汇,风险人群筛查,201
20220408,无症状感染者,长宁,风险人群筛查,3
20220408,无症状感染者,静安,风险人群筛查,25
20220408,无症状感染者,普陀,风险人群筛查,47
20220408,无症状感染者,虹口,风险人群筛查,5
20220408,无症状感染者,杨浦,风险人群筛查,18
20220408,无症状感染者,闵行,风险人群筛查,39
20220408,无症状感染者,宝山,风险人群筛查,15
20220408,无症状感染者,嘉定,风险人群筛查,27
20220408,无症状感染者,金山,风险人群筛查,5
20220408,无症状感染者,松江,风险人群筛查,15
20220408,无症状感染者,青浦,风险人群筛查,2
20220408,无症状感染者,奉贤,风险人群筛查,2
20220408,无症状感染者,崇明,风险人群筛查,2
20220409,确诊病例,浦东,闭环隔离管控,92
20220409,确诊病例,黄浦,闭环隔离管控,59
20220409,确诊病例,长宁,闭环隔离管控,6
20220409,确诊病例,静安,闭环隔离管控,3
20220409,确诊病例,闵行,闭环隔离管控,37
20220409,确诊病例,宝山,闭环隔离管控,2
20220409,确诊病例,嘉定,闭环隔离管控,7
20220409,确诊病例,金山,闭环隔离管控,20
20220409,确诊病例,崇明,闭环隔离管控,2
20220409,确诊病例,浦东,风险人群筛查,380
20220409,确诊病例,黄浦,风险人群筛查,31
20220409,确诊病例,徐汇,风险人群筛查,28
20220409,确诊病例,长宁,风险人群筛查,17
20220409,确诊病例,静安,风险人群筛查,21
20220409,确诊病例,普陀,风险人群筛查,20
20220409,确诊病例,虹口,风险人群筛查,5
20220409,确诊病例,杨浦,风险人群筛查,19
20220409,确诊病例,闵行,风险人群筛查,31
20220409,确诊病例,宝山,风险人群筛查,23
20220409,确诊病例,嘉定,风险人群筛查,6
20220409,确诊病例,金山,风险人群筛查,1
20220409,确诊病例,松江,风险人群筛查,1
20220409,确诊病例,青浦,风险人群筛查,2
20220409,确诊病例,奉贤,风险人群筛查,1
20220409,确诊病例,崇明,风险人群筛查,1
20220409,确诊病例,浦东,此前报告的本土无症状感染,45
20220409,确诊病例,黄浦,此前报告的本土无症状感染,11
20220409,确诊病例,徐汇,此前报告的本土无症状感染,16
20220409,确诊病例,长宁,此前报告的本土无症状感染,3
20220409,确诊病例,静安,此前报告的本土无症状感染,1
20220409,确诊病例,普陀,此前报告的本土无症状感染,4
20220409,确诊病例,虹口,此前报告的本土无症状感染,7
20220409,确诊病例,杨浦,此前报告的本土无症状感染,13
20220409,确诊病例,闵行,此前报告的本土无症状感染,20
20220409,确诊病例,宝山,此前报告的本土无症状感染,11
20220409,确诊病例,嘉定,此前报告的本土无症状感染,8
20220409,确诊病例,金山,此前报告的本土无症状感染,23
20220409,确诊病例,松江,此前报告的本土无症状感染,9
20220409,确诊病例,青浦,此前报告的本土无症状感染,7
20220409,确诊病例,奉贤,此前报告的本土无症状感染,12
20220409,确诊病例,崇明,此前报告的本土无症状感染,1
20220409,无症状感染者,浦东,闭环隔离管控,10312
20220409,无症状感染者,黄浦,闭环隔离管控,444
20220409,无症状感染者,徐汇,闭环隔离管控,1056
20220409,无症状感染者,长宁,闭环隔离管控,716
20220409,无症状感染者,静安,闭环隔离管控,559
20220409,无症状感染者,普陀,闭环隔离管控,614
20220409,无症状感染者,虹口,闭环隔离管控,306
20220409,无症状感染者,杨浦,闭环隔离管控,1040
20220409,无症状感染者,闵行,闭环隔离管控,4490
20220409,无症状感染者,宝山,闭环隔离管控,2211
20220409,无症状感染者,嘉定,闭环隔离管控,341
20220409,无症状感染者,金山,闭环隔离管控,21
20220409,无症状感染者,松江,闭环隔离管控,482
20220409,无症状感染者,青浦,闭环隔离管控,547
20220409,无症状感染者,奉贤,闭环隔离管控,106
20220409,无症状感染者,崇明,闭环隔离管控,167
20220409,无症状感染者,浦东,风险人群筛查,301
20220409,无症状感染者,黄浦,风险人群筛查,3
20220409,无症状感染者,徐汇,风险人群筛查,50
20220409,无症状感染者,长宁,风险人群筛查,15
20220409,无症状感染者,静安,风险人群筛查,18
20220409,无症状感染者,普陀,风险人群筛查,15
20220409,无症状感染者,虹口,风险人群筛查,31
20220409,无症状感染者,杨浦,风险人群筛查,8
20220409,无症状感染者,闵行,风险人群筛查,46
20220409,无症状感染者,宝山,风险人群筛查,14
20220409,无症状感染者,嘉定,风险人群筛查,7
20220409,无症状感染者,金山,风险人群筛查,3
20220409,无症状感染者,松江,风险人群筛查,8
20220409,无症状感染者,青浦,风险人群筛查,1
20220409,无症状感染者,奉贤,风险人群筛查,5
20220410,确诊病例,浦东,闭环隔离管控,82
20220410,确诊病例,黄浦,闭环隔离管控,12
20220410,确诊病例,徐汇,闭环隔离管控,18
20220410,确诊病例,杨浦,闭环隔离管控,54
20220410,确诊病例,闵行,闭环隔离管控,46
20220410,确诊病例,宝山,闭环隔离管控,3
20220410,确诊病例,嘉定,闭环隔离管控,45
20220410,确诊病例,金山,闭环隔离管控,14
20220410,确诊病例,松江,闭环隔离管控,282
20220410,确诊病例,奉贤,闭环隔离管控,8
20220410,确诊病例,浦东,风险人群筛查,127
20220410,确诊病例,黄浦,风险人群筛查,20
20220410,确诊病例,徐汇,风险人群筛查,26
20220410,确诊病例,长宁,风险人群筛查,4
20220410,确诊病例,静安,风险人群筛查,27
20220410,确诊病例,普陀,风险人群筛查,6
20220410,确诊病例,虹口,风险人群筛查,6
20220410,确诊病例,杨浦,风险人群筛查,7
20220410,确诊病例,闵行,风险人群筛查,46
20220410,确诊病例,宝山,风险人群筛查,16
20220410,确诊病例,嘉定,风险人群筛查,4
20220410,确诊病例,金山,风险人群筛查,1
20220410,确诊病例,松江,风险人群筛查,9
20220410,确诊病例,青浦,风险人群筛查,1
20220410,确诊病例,奉贤,风险人群筛查,3
20220410,确诊病例,浦东,此前报告的本土无症状感染,3
20220410,确诊病例,黄浦,此前报告的本土无症状感染,4
20220410,确诊病例,徐汇,此前报告的本土无症状感染,2
20220410,确诊病例,长宁,此前报告的本土无症状感染,1
20220410,确诊病例,静安,此前报告的本土无症状感染,2
20220410,确诊病例,普陀,此前报告的本土无症状感染,1
20220410,确诊病例,闵行,此前报告的本土无症状感染,10
20220410,确诊病例,宝山,此前报告的本土无症状感染,2
20220410,确诊病例,嘉定,此前报告的本土无症状感染,22
20220410,无症状感染者,浦东,闭环隔离管控,6169
20220410,无症状感染者,黄浦,闭环隔离管控,1564
20220410,无症状感染者,徐汇,闭环隔离管控,2922
20220410,无症状感染者,长宁,闭环隔离管控,376
20220410,无症状感染者,静安,闭环隔离管控,560
20220410,无症状感染者,普陀,闭环隔离管控,942
20220410,无症状感染者,虹口,闭环隔离管控,1206
20220410,无症状感染者,杨浦,闭环隔离管控,1804
20220410,无症状感染者,闵行,闭环隔离管控,3047
20220410,无症状感染者,宝山,闭环隔离管控,1804
20220410,无症状感染者,嘉定,闭环隔离管控,1324
20220410,无症状感染者,金山,闭环隔离管控,38
20220410,无症状感染者,松江,闭环隔离管控,1530
20220410,无症状感染者,青浦,闭环隔离管控,868
20220410,无症状感染者,奉贤,闭环隔离管控,23
20220410,无症状感染者,崇明,闭环隔离管控,53
20220410,无症状感染者,浦东,风险人群筛查,351
20220410,无症状感染者,黄浦,风险人群筛查,161
20220410,无症状感染者,徐汇,风险人群筛查,235
20220410,无症状感染者,长宁,风险人群筛查,6
20220410,无症状感染者,静安,风险人群筛查,14
20220410,无症状感染者,普陀,风险人群筛查,52
20220410,无症状感染者,虹口,风险人群筛查,26
20220410,无症状感染者,杨浦,风险人群筛查,12
20220410,无症状感染者,闵行,风险人群筛查,40
20220410,无症状感染者,宝山,风险人群筛查,14
20220410,无症状感染者,嘉定,风险人群筛查,10
20220410,无症状感染者,金山,风险人群筛查,4
20220410,无症状感染者,松江,风险人群筛查,4
20220410,无症状感染者,青浦,风险人群筛查,8
20220410,无症状感染者,奉贤,风险人群筛查,4
20220410,无症状感染者,崇明,风险人群筛查,2
20220411,确诊病例,浦东,闭环隔离管控,286
20220411,确诊病例,黄浦,闭环隔离管控,87
20220411,确诊病例,徐汇,闭环隔离管控,3
20220411,确诊病例,长宁,闭环隔离管控,9
20220411,确诊病例,虹口,闭环隔离管控,4
20220411,确诊病例,闵行,闭环隔离管控,12
20220411,确诊病例,嘉定,闭环隔离管控,22
20220411,确诊病例,松江,闭环隔离管控,13
20220411,确诊病例,崇明,闭环隔离管控,3
20220411,确诊病例,浦东,风险人群筛查,144
20220411,确诊病例,黄浦,风险人群筛查,10
20220411,确诊病例,徐汇,风险人群筛查,14
20220411,确诊病例,长宁,风险人群筛查,5
20220411,确诊病例,静安,风险人群筛查,9
20220411,确诊病例,普陀,风险人群筛查,16
20220411,确诊病例,虹口,风险人群筛查,14
20220411,确诊病例,杨浦,风险人群筛查,12
20220411,确诊病例,闵行,风险人群筛查,37
20220411,确诊病例,宝山,风险人群筛查,3
20220411,确诊病例,嘉定,风险人群筛查,12
20220411,确诊病例,松江,风险人群筛查,3
20220411,确诊病例,青浦,风险人群筛查,3
20220411,确诊病例,浦东,此前报告的本土无症状感染,63
20220411,确诊病例,黄浦,此前报告的本土无症状感染,20
20220411,确诊病例,徐汇,此前报告的本土无症状感染,31
20220411,确诊病例,长宁,此前报告的本土无症状感染,11
20220411,确诊病例,静安,此前报告的本土无症状感染,11
20220411,确诊病例,虹口,此前报告的本土无症状感染,28
20220411,确诊病例,杨浦,此前报告的本土无症状感染,18
20220411,确诊病例,闵行,此前报告的本土无症状感染,19
20220411,确诊病例,宝山,此前报告的本土无症状感染,44
20220411,确诊病例,嘉定,此前报告的本土无症状感染,9
20220411,确诊病例,金山,此前报告的本土无症状感染,3
20220411,确诊病例,松江,此前报告的本土无症状感染,5
20220411,确诊病例,青浦,此前报告的本土无症状感染,4
20220411,确诊病例,奉贤,此前报告的本土无症状感染,4
20220411,确诊病例,崇明,此前报告的本土无症状感染,3
20220411,无症状感染者,浦东,闭环隔离管控,7537
20220411,无症状感染者,黄浦,闭环隔离管控,2057
20220411,无症状感染者,徐汇,闭环隔离管控,1678
20220411,无症状感染者,长宁,闭环隔离管控,364
20220411,无症状感染者,静安,闭环隔离管控,517
20220411,无症状感染者,普陀,闭环隔离管控,1815
20220411,无症状感染者,虹口,闭环隔离管控,1344
20220411,无症状感染者,杨浦,闭环隔离管控,1382
20220411,无症状感染者,闵行,闭环隔离管控,2911
20220411,无症状感染者,宝山,闭环隔离管控,968
20220411,无症状感染者,嘉定,闭环隔离管控,151
20220411,无症状感染者,金山,闭环隔离管控,32
20220411,无症状感染者,松江,闭环隔离管控,658
20220411,无症状感染者,青浦,闭环隔离管控,316
20220411,无症状感染者,奉贤,闭环隔离管控,64
20220411,无症状感染者,崇明,闭环隔离管控,50
20220411,无症状感染者,浦东,风险人群筛查,276
20220411,无症状感染者,黄浦,风险人群筛查,49
20220411,无症状感染者,徐汇,风险人群筛查,45
20220411,无症状感染者,长宁,风险人群筛查,4
20220411,无症状感染者,静安,风险人群筛查,15
20220411,无症状感染者,普陀,风险人群筛查,26
20220411,无症状感染者,虹口,风险人群筛查,6
20220411,无症状感染者,杨浦,风险人群筛查,8
20220411,无症状感染者,闵行,风险人群筛查,28
20220411,无症状感染者,宝山,风险人群筛查,9
20220411,无症状感染者,嘉定,风险人群筛查,14
20220411,无症状感染者,金山,风险人群筛查,3
20220411,无症状感染者,松江,风险人群筛查,12
20220411,无症状感染者,青浦,风险人群筛查,8
20220411,无症状感染者,崇明,风险人群筛查,1
20220412,确诊病例,浦东,闭环隔离管控,86
20220412,确诊病例,黄浦,闭环隔离管控,59
20220412,确诊病例,徐汇,闭环隔离管控,41
20220412,确诊病例,长宁,闭环隔离管控,68
20220412,确诊病例,静安,闭环隔离管控,27
20220412,确诊病例,普陀,闭环隔离管控,30
20220412,确诊病例,虹口,闭环隔离管控,71
20220412,确诊病例,杨浦,闭环隔离管控,52
20220412,确诊病例,闵行,闭环隔离管控,257
20220412,确诊病例,宝山,闭环隔离管控,2
20220412,确诊病例,嘉定,闭环隔离管控,30
20220412,确诊病例,金山,闭环隔离管控,2
20220412,确诊病例,松江,闭环隔离管控,73
20220412,确诊病例,青浦,闭环隔离管控,53
20220412,确诊病例,崇明,闭环隔离管控,16
20220412,确诊病例,浦东,风险人群筛查,104
20220412,确诊病例,黄浦,风险人群筛查,14
20220412,确诊病例,徐汇,风险人群筛查,14
20220412,确诊病例,长宁,风险人群筛查,22
20220412,确诊病例,静安,风险人群筛查,46
20220412,确诊病例,普陀,风险人群筛查,19
20220412,确诊病例,虹口,风险人群筛查,12
20220412,确诊病例,杨浦,风险人群筛查,8
20220412,确诊病例,闵行,风险人群筛查,20
20220412,确诊病例,宝山,风险人群筛查,14
20220412,确诊病例,嘉定,风险人群筛查,1
20220412,确诊病例,金山,风险人群筛查,1
20220412,确诊病例,松江,风险人群筛查,3
20220412,确诊病例,青浦,风险人群筛查,7
20220412,确诊病例,奉贤,风险人群筛查,1
20220412,确诊病例,崇明,风险人群筛查,13
20220412,确诊病例,浦东,此前报告的本土无症状感染,2
20220412,确诊病例,黄浦,此前报告的本土无症状感染,1
20220412,确诊病例,徐汇,此前报告的本土无症状感染,1
20220412,确诊病例,静安,此前报告的本土无症状感染,2
20220412,确诊病例,普陀,此前报告的本土无症状感染,1
20220412,确诊病例,闵行,此前报告的本土无症状感染,3
20220412,确诊病例,嘉定,此前报告的本土无症状感染,11
20220412,确诊病例,松江,此前报告的本土无症状感染,1
20220412,确诊病例,青浦,此前报告的本土无症状感染,1
20220412,无症状感染者,浦东,闭环隔离管控,10539
20220412,无症状感染者,黄浦,闭环隔离管控,1673
20220412,无症状感染者,徐汇,闭环隔离管控,1020
20220412,无症状感染者,长宁,闭环隔离管控,1036
20220412,无症状感染者,静安,闭环隔离管控,913
20220412,无症状感染者,普陀,闭环隔离管控,1057
20220412,无症状感染者,虹口,闭环隔离管控,827
20220412,无症状感染者,杨浦,闭环隔离管控,1091
20220412,无症状感染者,闵行,闭环隔离管控,3947
20220412,无症状感染者,宝山,闭环隔离管控,265
20220412,无症状感染者,嘉定,闭环隔离管控,932
20220412,无症状感染者,金山,闭环隔离管控,34
20220412,无症状感染者,松江,闭环隔离管控,629
20220412,无症状感染者,青浦,闭环隔离管控,456
20220412,无症状感染者,奉贤,闭环隔离管控,30
20220412,无症状感染者,崇明,闭环隔离管控,51
20220412,无症状感染者,浦东,风险人群筛查,318
20220412,无症状感染者,黄浦,风险人群筛查,57
20220412,无症状感染者,徐汇,风险人群筛查,32
20220412,无症状感染者,长宁,风险人群筛查,7
20220412,无症状感染者,静安,风险人群筛查,68
20220412,无症状感染者,普陀,风险人群筛查,63
20220412,无症状感染者,虹口,风险人群筛查,21
20220412,无症状感染者,杨浦,风险人群筛查,8
20220412,无症状感染者,闵行,风险人群筛查,18
20220412,无症状感染者,宝山,风险人群筛查,14
20220412,无症状感染者,嘉定,风险人群筛查,12
20220412,无症状感染者,金山,风险人群筛查,2
20220412,无症状感染者,松江,风险人群筛查,6
20220412,无症状感染者,青浦,风险人群筛查,7
20220412,无症状感染者,奉贤,风险人群筛查,2
20220412,无症状感染者,崇明,风险人群筛查,6
20220413,确诊病例,浦东,闭环隔离管控,1024
20220413,确诊病例,黄浦,闭环隔离管控,203
20220413,确诊病例,徐汇,闭环隔离管控,124
20220413,确诊病例,长宁,闭环隔离管控,94
20220413,确诊病例,静安,闭环隔离管控,36
20220413,确诊病例,普陀,闭环隔离管控,32
20220413,确诊病例,虹口,闭环隔离管控,104
20220413,确诊病例,杨浦,闭环隔离管控,51
20220413,确诊病例,闵行,闭环隔离管控,295
20220413,确诊病例,宝山,闭环隔离管控,1
20220413,确诊病例,嘉定,闭环隔离管控,42
20220413,确诊病例,金山,闭环隔离管控,12
20220413,确诊病例,松江,闭环隔离管控,122
20220413,确诊病例,青浦,闭环隔离管控,53
20220413,确诊病例,奉贤,闭环隔离管控,1
20220413,确诊病例,崇明,闭环隔离管控,6
20220413,确诊病例,浦东,风险人群筛查,114
20220413,确诊病例,黄浦,风险人群筛查,13
20220413,确诊病例,徐汇,风险人群筛查,18
20220413,确诊病例,长宁,风险人群筛查,11
20220413,确诊病例,静安,风险人群筛查,13
20220413,确诊病例,普陀,风险人群筛查,11
20220413,确诊病例,虹口,风险人群筛查,16
20220413,确诊病例,杨浦,风险人群筛查,3
20220413,确诊病例,闵行,风险人群筛查,34
20220413,确诊病例,宝山,风险人群筛查,11
20220413,确诊病例,嘉定,风险人群筛查,4
20220413,确诊病例,松江,风险人群筛查,4
20220413,确诊病例,青浦,风险人群筛查,5
20220413,确诊病例,奉贤,风险人群筛查,1
20220413,确诊病例,崇明,风险人群筛查,1
20220413,确诊病例,浦东,此前报告的本土无症状感染,1
20220413,确诊病例,黄浦,此前报告的本土无症状感染,11
20220413,确诊病例,徐汇,此前报告的本土无症状感染,1
20220413,确诊病例,普陀,此前报告的本土无症状感染,2
20220413,确诊病例,虹口,此前报告的本土无症状感染,1
20220413,确诊病例,闵行,此前报告的本土无症状感染,43
20220413,确诊病例,宝山,此前报告的本土无症状感染,1
20220413,确诊病例,嘉定,此前报告的本土无症状感染,8
20220413,确诊病例,松江,此前报告的本土无症状感染,5
20220413,确诊病例,青浦,此前报告的本土无症状感染,41
20220413,无症状感染者,浦东,闭环隔离管控,13448
20220413,无症状感染者,黄浦,闭环隔离管控,1147
20220413,无症状感染者,徐汇,闭环隔离管控,1320
20220413,无症状感染者,长宁,闭环隔离管控,841
20220413,无症状感染者,静安,闭环隔离管控,160
20220413,无症状感染者,普陀,闭环隔离管控,401
20220413,无症状感染者,虹口,闭环隔离管控,1366
20220413,无症状感染者,杨浦,闭环隔离管控,1130
20220413,无症状感染者,闵行,闭环隔离管控,2554
20220413,无症状感染者,宝山,闭环隔离管控,632
20220413,无症状感染者,嘉定,闭环隔离管控,663
20220413,无症状感染者,金山,闭环隔离管控,22
20220413,无症状感染者,松江,闭环隔离管控,519
20220413,无症状感染者,青浦,闭环隔离管控,219
20220413,无症状感染者,奉贤,闭环隔离管控,79
20220413,无症状感染者,崇明,闭环隔离管控,47
20220413,无症状感染者,浦东,风险人群筛查,440
20220413,无症状感染者,黄浦,风险人群筛查,34
20220413,无症状感染者,徐汇,风险人群筛查,29
20220413,无症状感染者,长宁,风险人群筛查,11
20220413,无症状感染者,静安,风险人群筛查,11
20220413,无症状感染者,普陀,风险人群筛查,29
20220413,无症状感染者,虹口,风险人群筛查,1
20220413,无症状感染者,杨浦,风险人群筛查,1
20220413,无症状感染者,闵行,风险人群筛查,13
20220413,无症状感染者,宝山,风险人群筛查,6
20220413,无症状感染者,嘉定,风险人群筛查,4
20220413,无症状感染者,松江,风险人群筛查,7
20220413,无症状感染者,青浦,风险人群筛查,1
20220413,无症状感染者,奉贤,风险人群筛查,2
20220413,无症状感染者,崇明,风险人群筛查,9
20220414,确诊病例,浦东,闭环隔离管控,1015
20220414,确诊病例,黄浦,闭环隔离管控,258
20220414,确诊病例,徐汇,闭环隔离管控,126
20220414,确诊病例,长宁,闭环隔离管控,135
20220414,确诊病例,静安,闭环隔离管控,61
20220414,确诊病例,普陀,闭环隔离管控,27
20220414,确诊病例,虹口,闭环隔离管控,134
20220414,确诊病例,杨浦,闭环隔离管控,46
20220414,确诊病例,闵行,闭环隔离管控,259
20220414,确诊病例,宝山,闭环隔离管控,29
20220414,确诊病例,嘉定,闭环隔离管控,98
20220414,确诊病例,金山,闭环隔离管控,21
20220414,确诊病例,松江,闭环隔离管控,174
20220414,确诊病例,青浦,闭环隔离管控,122
20220414,确诊病例,奉贤,闭环隔离管控,17
20220414,确诊病例,崇明,闭环隔离管控,25
20220414,确诊病例,浦东,风险人群筛查,159
20220414,确诊病例,黄浦,风险人群筛查,6
20220414,确诊病例,徐汇,风险人群筛查,46
20220414,确诊病例,长宁,风险人群筛查,13
20220414,确诊病例,静安,风险人群筛查,9
20220414,确诊病例,普陀,风险人群筛查,18
20220414,确诊病例,虹口,风险人群筛查,40
20220414,确诊病例,杨浦,风险人群筛查,1
20220414,确诊病例,闵行,风险人群筛查,14
20220414,确诊病例,宝山,风险人群筛查,19
20220414,确诊病例,嘉定,风险人群筛查,4
20220414,确诊病例,金山,风险人群筛查,2
20220414,确诊病例,松江,风险人群筛查,4
20220414,确诊病例,青浦,风险人群筛查,6
20220414,确诊病例,奉贤,风险人群筛查,2
20220414,确诊病例,崇明,风险人群筛查,3
20220414,确诊病例,浦东,此前报告的本土无症状感染,78
20220414,确诊病例,黄浦,此前报告的本土无症状感染,4
20220414,确诊病例,徐汇,此前报告的本土无症状感染,121
20220414,确诊病例,杨浦,此前报告的本土无症状感染,1
20220414,确诊病例,闵行,此前报告的本土无症状感染,1
20220414,确诊病例,宝山,此前报告的本土无症状感染,2
20220414,确诊病例,嘉定,此前报告的本土无症状感染,98
20220414,确诊病例,奉贤,此前报告的本土无症状感染,1
20220414,确诊病例,崇明,此前报告的本土无症状感染,1
20220414,无症状感染者,浦东,闭环隔离管控,10193
20220414,无症状感染者,黄浦,闭环隔离管控,1715
20220414,无症状感染者,徐汇,闭环隔离管控,984
20220414,无症状感染者,长宁,闭环隔离管控,837
20220414,无症状感染者,静安,闭环隔离管控,184
20220414,无症状感染者,普陀,闭环隔离管控,208
20220414,无症状感染者,虹口,闭环隔离管控,749
20220414,无症状感染者,杨浦,闭环隔离管控,767
20220414,无症状感染者,闵行,闭环隔离管控,2095
20220414,无症状感染者,宝山,闭环隔离管控,366
20220414,无症状感染者,嘉定,闭环隔离管控,600
20220414,无症状感染者,金山,闭环隔离管控,5
20220414,无症状感染者,松江,闭环隔离管控,577
20220414,无症状感染者,青浦,闭环隔离管控,172
20220414,无症状感染者,奉贤,闭环隔离管控,13
20220414,无症状感染者,崇明,闭环隔离管控,29
20220414,无症状感染者,浦东,风险人群筛查,211
20220414,无症状感染者,黄浦,风险人群筛查,30
20220414,无症状感染者,徐汇,风险人群筛查,65
20220414,无症状感染者,长宁,风险人群筛查,13
20220414,无症状感染者,静安,风险人群筛查,12
20220414,无症状感染者,普陀,风险人群筛查,11
20220414,无症状感染者,虹口,风险人群筛查,7
20220414,无症状感染者,杨浦,风险人群筛查,2
20220414,无症状感染者,闵行,风险人群筛查,9
20220414,无症状感染者,宝山,风险人群筛查,1
20220414,无症状感染者,嘉定,风险人群筛查,3
20220414,无症状感染者,松江,风险人群筛查,6
20220414,无症状感染者,青浦,风险人群筛查,4
20220414,无症状感染者,奉贤,风险人群筛查,2
20220414,无症状感染者,崇明,风险人群筛查,2
20220415,确诊病例,浦东,闭环隔离管控,924
20220415,确诊病例,黄浦,闭环隔离管控,232
20220415,确诊病例,徐汇,闭环隔离管控,91
20220415,确诊病例,长宁,闭环隔离管控,55
20220415,确诊病例,静安,闭环隔离管控,82
20220415,确诊病例,普陀,闭环隔离管控,44
20220415,确诊病例,虹口,闭环隔离管控,101
20220415,确诊病例,杨浦,闭环隔离管控,124
20220415,确诊病例,闵行,闭环隔离管控,71
20220415,确诊病例,宝山,闭环隔离管控,18
20220415,确诊病例,嘉定,闭环隔离管控,163
20220415,确诊病例,金山,闭环隔离管控,21
20220415,确诊病例,松江,闭环隔离管控,195
20220415,确诊病例,青浦,闭环隔离管控,121
20220415,确诊病例,奉贤,闭环隔离管控,21
20220415,确诊病例,崇明,闭环隔离管控,48
20220415,确诊病例,浦东,风险人群筛查,200
20220415,确诊病例,黄浦,风险人群筛查,8
20220415,确诊病例,徐汇,风险人群筛查,17
20220415,确诊病例,长宁,风险人群筛查,43
20220415,确诊病例,静安,风险人群筛查,9
20220415,确诊病例,普陀,风险人群筛查,21
20220415,确诊病例,虹口,风险人群筛查,1
20220415,确诊病例,杨浦,风险人群筛查,4
20220415,确诊病例,闵行,风险人群筛查,32
20220415,确诊病例,宝山,风险人群筛查,3
20220415,确诊病例,嘉定,风险人群筛查,4
20220415,确诊病例,松江,风险人群筛查,3
20220415,确诊病例,青浦,风险人群筛查,9
20220415,确诊病例,奉贤,风险人群筛查,2
20220415,确诊病例,崇明,风险人群筛查,1
20220415,确诊病例,浦东,此前报告的本土无症状感染,18
20220415,确诊病例,黄浦,此前报告的本土无症状感染,6
20220415,确诊病例,徐汇,此前报告的本土无症状感染,169
20220415,确诊病例,长宁,此前报告的本土无症状感染,135
20220415,确诊病例,静安,此前报告的本土无症状感染,1
20220415,确诊病例,普陀,此前报告的本土无症状感染,1
20220415,确诊病例,虹口,此前报告的本土无症状感染,185
20220415,确诊病例,杨浦,此前报告的本土无症状感染,147
20220415,确诊病例,闵行,此前报告的本土无症状感染,198
20220415,确诊病例,宝山,此前报告的本土无症状感染,53
20220415,确诊病例,嘉定,此前报告的本土无症状感染,6
20220415,确诊病例,青浦,此前报告的本土无症状感染,1
20220415,确诊病例,崇明,此前报告的本土无症状感染,2
20220415,无症状感染者,浦东,闭环隔离管控,8811
20220415,无症状感染者,黄浦,闭环隔离管控,1120
20220415,无症状感染者,徐汇,闭环隔离管控,1388
20220415,无症状感染者,长宁,闭环隔离管控,486
20220415,无症状感染者,静安,闭环隔离管控,322
20220415,无症状感染者,普陀,闭环隔离管控,341
20220415,无症状感染者,虹口,闭环隔离管控,1207
20220415,无症状感染者,杨浦,闭环隔离管控,1134
20220415,无症状感染者,闵行,闭环隔离管控,1727
20220415,无症状感染者,宝山,闭环隔离管控,1248
20220415,无症状感染者,嘉定,闭环隔离管控,558
20220415,无症状感染者,金山,闭环隔离管控,10
20220415,无症状感染者,松江,闭环隔离管控,567
20220415,无症状感染者,青浦,闭环隔离管控,394
20220415,无症状感染者,奉贤,闭环隔离管控,81
20220415,无症状感染者,崇明,闭环隔离管控,34
20220415,无症状感染者,浦东,风险人群筛查,329
20220415,无症状感染者,黄浦,风险人群筛查,18
20220415,无症状感染者,徐汇,风险人群筛查,24
20220415,无症状感染者,长宁,风险人群筛查,33
20220415,无症状感染者,静安,风险人群筛查,19
20220415,无症状感染者,普陀,风险人群筛查,19
20220415,无症状感染者,虹口,风险人群筛查,3
20220415,无症状感染者,杨浦,风险人群筛查,2
20220415,无症状感染者,闵行,风险人群筛查,9
20220415,无症状感染者,宝山,风险人群筛查,1
20220415,无症状感染者,嘉定,风险人群筛查,10
20220415,无症状感染者,松江,风险人群筛查,8
20220415,无症状感染者,青浦,风险人群筛查,11
20220415,无症状感染者,奉贤,风险人群筛查,2
20220415,无症状感染者,崇明,风险人群筛查,7
20220416,确诊病例,浦东,闭环隔离管控,390
20220416,确诊病例,黄浦,闭环隔离管控,169
20220416,确诊病例,徐汇,闭环隔离管控,142
20220416,确诊病例,长宁,闭环隔离管控,113
20220416,确诊病例,静安,闭环隔离管控,125
20220416,确诊病例,普陀,闭环隔离管控,123
20220416,确诊病例,虹口,闭环隔离管控,121
20220416,确诊病例,杨浦,闭环隔离管控,78
20220416,确诊病例,闵行,闭环隔离管控,225
20220416,确诊病例,宝山,闭环隔离管控,40
20220416,确诊病例,嘉定,闭环隔离管控,73
20220416,确诊病例,金山,闭环隔离管控,4
20220416,确诊病例,松江,闭环隔离管控,83
20220416,确诊病例,青浦,闭环隔离管控,41
20220416,确诊病例,奉贤,闭环隔离管控,20
20220416,确诊病例,崇明,闭环隔离管控,7
20220416,确诊病例,浦东,风险人群筛查,136
20220416,确诊病例,黄浦,风险人群筛查,13
20220416,确诊病例,徐汇,风险人群筛查,27
20220416,确诊病例,长宁,风险人群筛查,11
20220416,确诊病例,静安,风险人群筛查,18
20220416,确诊病例,普陀,风险人群筛查,21
20220416,确诊病例,虹口,风险人群筛查,36
20220416,确诊病例,杨浦,风险人群筛查,5
20220416,确诊病例,闵行,风险人群筛查,16
20220416,确诊病例,宝山,风险人群筛查,7
20220416,确诊病例,嘉定,风险人群筛查,8
20220416,确诊病例,松江,风险人群筛查,3
20220416,确诊病例,青浦,风险人群筛查,3
20220416,确诊病例,崇明,风险人群筛查,3
20220416,确诊病例,浦东,此前报告的本土无症状感染,476
20220416,确诊病例,黄浦,此前报告的本土无症状感染,6
20220416,确诊病例,徐汇,此前报告的本土无症状感染,1
20220416,确诊病例,长宁,此前报告的本土无症状感染,3
20220416,确诊病例,普陀,此前报告的本土无症状感染,1
20220416,确诊病例,杨浦,此前报告的本土无症状感染,1
20220416,确诊病例,闵行,此前报告的本土无症状感染,649
20220416,确诊病例,宝山,此前报告的本土无症状感染,4
20220416,确诊病例,嘉定,此前报告的本土无症状感染,22
20220416,确诊病例,金山,此前报告的本土无症状感染,5
20220416,确诊病例,松江,此前报告的本土无症状感染,1
20220416,确诊病例,青浦,此前报告的本土无症状感染,2
20220416,确诊病例,奉贤,此前报告的本土无症状感染,3
20220416,确诊病例,崇明,此前报告的本土无症状感染,3
20220416,无症状感染者,浦东,闭环隔离管控,9499
20220416,无症状感染者,黄浦,闭环隔离管控,1352
20220416,无症状感染者,徐汇,闭环隔离管控,1342
20220416,无症状感染者,长宁,闭环隔离管控,566
20220416,无症状感染者,静安,闭环隔离管控,986
20220416,无症状感染者,普陀,闭环隔离管控,1163
20220416,无症状感染者,虹口,闭环隔离管控,869
20220416,无症状感染者,杨浦,闭环隔离管控,775
20220416,无症状感染者,闵行,闭环隔离管控,2167
20220416,无症状感染者,宝山,闭环隔离管控,1235
20220416,无症状感染者,嘉定,闭环隔离管控,577
20220416,无症状感染者,金山,闭环隔离管控,12
20220416,无症状感染者,松江,闭环隔离管控,322
20220416,无症状感染者,青浦,闭环隔离管控,256
20220416,无症状感染者,奉贤,闭环隔离管控,27
20220416,无症状感染者,崇明,闭环隔离管控,19
20220416,无症状感染者,浦东,风险人群筛查,290
20220416,无症状感染者,黄浦,风险人群筛查,25
20220416,无症状感染者,徐汇,风险人群筛查,20
20220416,无症状感染者,长宁,风险人群筛查,13
20220416,无症状感染者,静安,风险人群筛查,5
20220416,无症状感染者,普陀,风险人群筛查,23
20220416,无症状感染者,虹口,风险人群筛查,1
20220416,无症状感染者,杨浦,风险人群筛查,1
20220416,无症状感染者,闵行,风险人群筛查,3
20220416,无症状感染者,宝山,风险人群筛查,7
20220416,无症状感染者,嘉定,风险人群筛查,5
20220416,无症状感染者,松江,风险人群筛查,1
20220416,无症状感染者,青浦,风险人群筛查,3
20220416,无症状感染者,奉贤,风险人群筛查,1
20220416,无症状感染者,崇明,风险人群筛查,17
20220417,确诊病例,浦东,闭环隔离管控,459
20220417,确诊病例,黄浦,闭环隔离管控,165
20220417,确诊病例,徐汇,闭环隔离管控,46
20220417,确诊病例,长宁,闭环隔离管控,46
20220417,确诊病例,静安,闭环隔离管控,114
20220417,确诊病例,普陀,闭环隔离管控,69
20220417,确诊病例,虹口,闭环隔离管控,135
20220417,确诊病例,杨浦,闭环隔离管控,15
20220417,确诊病例,闵行,闭环隔离管控,65
20220417,确诊病例,宝山,闭环隔离管控,70
20220417,确诊病例,嘉定,闭环隔离管控,48
20220417,确诊病例,金山,闭环隔离管控,4
20220417,确诊病例,松江,闭环隔离管控,150
20220417,确诊病例,青浦,闭环隔离管控,14
20220417,确诊病例,奉贤,闭环隔离管控,1
20220417,确诊病例,崇明,闭环隔离管控,8
20220417,确诊病例,浦东,风险人群筛查,40
20220417,确诊病例,黄浦,风险人群筛查,15
20220417,确诊病例,徐汇,风险人群筛查,14
20220417,确诊病例,长宁,风险人群筛查,16
20220417,确诊病例,静安,风险人群筛查,10
20220417,确诊病例,普陀,风险人群筛查,15
20220417,确诊病例,虹口,风险人群筛查,22
20220417,确诊病例,杨浦,风险人群筛查,6
20220417,确诊病例,闵行,风险人群筛查,3
20220417,确诊病例,宝山,风险人群筛查,7
20220417,确诊病例,嘉定,风险人群筛查,4
20220417,确诊病例,青浦,风险人群筛查,2
20220417,确诊病例,崇明,风险人群筛查,1
20220417,确诊病例,浦东,此前报告的本土无症状感染,22
20220417,确诊病例,黄浦,此前报告的本土无症状感染,6
20220417,确诊病例,徐汇,此前报告的本土无症状感染,107
20220417,确诊病例,静安,此前报告的本土无症状感染,3
20220417,确诊病例,普陀,此前报告的本土无症状感染,246
20220417,确诊病例,虹口,此前报告的本土无症状感染,109
20220417,确诊病例,杨浦,此前报告的本土无症状感染,5
20220417,确诊病例,闵行,此前报告的本土无症状感染,38
20220417,确诊病例,宝山,此前报告的本土无症状感染,8
20220417,确诊病例,嘉定,此前报告的本土无症状感染,304
20220417,确诊病例,金山,此前报告的本土无症状感染,1
20220417,确诊病例,松江,此前报告的本土无症状感染,3
20220417,确诊病例,青浦,此前报告的本土无症状感染,1
20220417,无症状感染者,浦东,闭环隔离管控,7029
20220417,无症状感染者,黄浦,闭环隔离管控,1655
20220417,无症状感染者,徐汇,闭环隔离管控,1346
20220417,无症状感染者,长宁,闭环隔离管控,658
20220417,无症状感染者,静安,闭环隔离管控,710
20220417,无症状感染者,普陀,闭环隔离管控,878
20220417,无症状感染者,虹口,闭环隔离管控,900
20220417,无症状感染者,杨浦,闭环隔离管控,856
20220417,无症状感染者,闵行,闭环隔离管控,2275
20220417,无症状感染者,宝山,闭环隔离管控,1361
20220417,无症状感染者,嘉定,闭环隔离管控,614
20220417,无症状感染者,金山,闭环隔离管控,18
20220417,无症状感染者,松江,闭环隔离管控,744
20220417,无症状感染者,青浦,闭环隔离管控,345
20220417,无症状感染者,奉贤,闭环隔离管控,14
20220417,无症状感染者,崇明,闭环隔离管控,22
20220417,无症状感染者,浦东,风险人群筛查,190
20220417,无症状感染者,黄浦,风险人群筛查,55
20220417,无症状感染者,徐汇,风险人群筛查,40
20220417,无症状感染者,长宁,风险人群筛查,19
20220417,无症状感染者,静安,风险人群筛查,5
20220417,无症状感染者,普陀,风险人群筛查,17
20220417,无症状感染者,杨浦,风险人群筛查,5
20220417,无症状感染者,闵行,风险人群筛查,21
20220417,无症状感染者,宝山,风险人群筛查,4
20220417,无症状感染者,嘉定,风险人群筛查,8
20220417,无症状感染者,金山,风险人群筛查,1
20220417,无症状感染者,松江,风险人群筛查,8
20220417,无症状感染者,青浦,风险人群筛查,7
20220417,无症状感染者,奉贤,风险人群筛查,5
20220417,无症状感染者,崇明,风险人群筛查,21
20220418,确诊病例,浦东,闭环隔离管控,633
20220418,确诊病例,黄浦,闭环隔离管控,322
20220418,确诊病例,徐汇,闭环隔离管控,35
20220418,确诊病例,长宁,闭环隔离管控,69
20220418,确诊病例,静安,闭环隔离管控,179
20220418,确诊病例,普陀,闭环隔离管控,13
20220418,确诊病例,虹口,闭环隔离管控,120
20220418,确诊病例,杨浦,闭环隔离管控,57
20220418,确诊病例,闵行,闭环隔离管控,141
20220418,确诊病例,宝山,闭环隔离管控,94
20220418,确诊病例,嘉定,闭环隔离管控,62
20220418,确诊病例,金山,闭环隔离管控,3
20220418,确诊病例,松江,闭环隔离管控,123
20220418,确诊病例,青浦,闭环隔离管控,42
20220418,确诊病例,奉贤,闭环隔离管控,1
20220418,确诊病例,浦东,风险人群筛查,54
20220418,确诊病例,黄浦,风险人群筛查,35
20220418,确诊病例,徐汇,风险人群筛查,16
20220418,确诊病例,长宁,风险人群筛查,15
20220418,确诊病例,静安,风险人群筛查,21
20220418,确诊病例,普陀,风险人群筛查,7
20220418,确诊病例,虹口,风险人群筛查,30
20220418,确诊病例,杨浦,风险人群筛查,1
20220418,确诊病例,闵行,风险人群筛查,6
20220418,确诊病例,宝山,风险人群筛查,9
20220418,确诊病例,嘉定,风险人群筛查,6
20220418,确诊病例,松江,风险人群筛查,1
20220418,确诊病例,青浦,风险人群筛查,12
20220418,确诊病例,崇明,风险人群筛查,3
20220418,确诊病例,浦东,此前报告的本土无症状感染,388
20220418,确诊病例,黄浦,此前报告的本土无症状感染,5
20220418,确诊病例,徐汇,此前报告的本土无症状感染,17
20220418,确诊病例,长宁,此前报告的本土无症状感染,109
20220418,确诊病例,静安,此前报告的本土无症状感染,3
20220418,确诊病例,普陀,此前报告的本土无症状感染,1
20220418,确诊病例,虹口,此前报告的本土无症状感染,83
20220418,确诊病例,杨浦,此前报告的本土无症状感染,6
20220418,确诊病例,闵行,此前报告的本土无症状感染,165
20220418,确诊病例,宝山,此前报告的本土无症状感染,100
20220418,确诊病例,嘉定,此前报告的本土无症状感染,4
20220418,确诊病例,松江,此前报告的本土无症状感染,67
20220418,确诊病例,青浦,此前报告的本土无症状感染,23
20220418,确诊病例,奉贤,此前报告的本土无症状感染,1
20220418,确诊病例,崇明,此前报告的本土无症状感染,2
20220418,无症状感染者,浦东,闭环隔离管控,7582
20220418,无症状感染者,黄浦,闭环隔离管控,2878
20220418,无症状感染者,徐汇,闭环隔离管控,483
20220418,无症状感染者,长宁,闭环隔离管控,480
20220418,无症状感染者,静安,闭环隔离管控,803
20220418,无症状感染者,普陀,闭环隔离管控,349
20220418,无症状感染者,虹口,闭环隔离管控,853
20220418,无症状感染者,杨浦,闭环隔离管控,415
20220418,无症状感染者,闵行,闭环隔离管控,1050
20220418,无症状感染者,宝山,闭环隔离管控,823
20220418,无症状感染者,嘉定,闭环隔离管控,513
20220418,无症状感染者,金山,闭环隔离管控,4
20220418,无症状感染者,松江,闭环隔离管控,570
20220418,无症状感染者,青浦,闭环隔离管控,165
20220418,无症状感染者,奉贤,闭环隔离管控,12
20220418,无症状感染者,崇明,闭环隔离管控,18
20220418,无症状感染者,浦东,风险人群筛查,174
20220418,无症状感染者,黄浦,风险人群筛查,83
20220418,无症状感染者,徐汇,风险人群筛查,21
20220418,无症状感染者,长宁,风险人群筛查,7
20220418,无症状感染者,静安,风险人群筛查,4
20220418,无症状感染者,普陀,风险人群筛查,1
20220418,无症状感染者,虹口,风险人群筛查,6
20220418,无症状感染者,杨浦,风险人群筛查,2
20220418,无症状感染者,闵行,风险人群筛查,10
20220418,无症状感染者,宝山,风险人群筛查,4
20220418,无症状感染者,嘉定,风险人群筛查,3
20220418,无症状感染者,松江,风险人群筛查,1
20220418,无症状感染者,青浦,风险人群筛查,15
20220418,无症状感染者,崇明,风险人群筛查,3
20220419,确诊病例,浦东,闭环隔离管控,464
20220419,确诊病例,黄浦,闭环隔离管控,257
20220419,确诊病例,徐汇,闭环隔离管控,107
20220419,确诊病例,长宁,闭环隔离管控,36
20220419,确诊病例,静安,闭环隔离管控,182
20220419,确诊病例,普陀,闭环隔离管控,77
20220419,确诊病例,虹口,闭环隔离管控,122
20220419,确诊病例,杨浦,闭环隔离管控,26
20220419,确诊病例,闵行,闭环隔离管控,270
20220419,确诊病例,宝山,闭环隔离管控,35
20220419,确诊病例,嘉定,闭环隔离管控,80
20220419,确诊病例,松江,闭环隔离管控,57
20220419,确诊病例,青浦,闭环隔离管控,67
20220419,确诊病例,崇明,闭环隔离管控,20
20220419,确诊病例,浦东,风险人群筛查,61
20220419,确诊病例,黄浦,风险人群筛查,15
20220419,确诊病例,徐汇,风险人群筛查,34
20220419,确诊病例,长宁,风险人群筛查,4
20220419,确诊病例,静安,风险人群筛查,13
20220419,确诊病例,普陀,风险人群筛查,7
20220419,确诊病例,虹口,风险人群筛查,12
20220419,确诊病例,杨浦,风险人群筛查,2
20220419,确诊病例,闵行,风险人群筛查,8
20220419,确诊病例,宝山,风险人群筛查,4
20220419,确诊病例,青浦,风险人群筛查,1
20220419,确诊病例,浦东,此前报告的本土无症状感染,195
20220419,确诊病例,黄浦,此前报告的本土无症状感染,96
20220419,确诊病例,徐汇,此前报告的本土无症状感染,3
20220419,确诊病例,长宁,此前报告的本土无症状感染,13
20220419,确诊病例,静安,此前报告的本土无症状感染,10
20220419,确诊病例,普陀,此前报告的本土无症状感染,16
20220419,确诊病例,虹口,此前报告的本土无症状感染,14
20220419,确诊病例,杨浦,此前报告的本土无症状感染,36
20220419,确诊病例,闵行,此前报告的本土无症状感染,111
20220419,确诊病例,宝山,此前报告的本土无症状感染,2
20220419,确诊病例,嘉定,此前报告的本土无症状感染,24
20220419,确诊病例,金山,此前报告的本土无症状感染,1
20220419,确诊病例,松江,此前报告的本土无症状感染,1
20220419,确诊病例,青浦,此前报告的本土无症状感染,4
20220419,确诊病例,奉贤,此前报告的本土无症状感染,2
20220419,确诊病例,崇明,此前报告的本土无症状感染,5
20220419,无症状感染者,浦东,闭环隔离管控,4841
20220419,无症状感染者,黄浦,闭环隔离管控,2693
20220419,无症状感染者,徐汇,闭环隔离管控,1403
20220419,无症状感染者,长宁,闭环隔离管控,563
20220419,无症状感染者,静安,闭环隔离管控,1502
20220419,无症状感染者,普陀,闭环隔离管控,423
20220419,无症状感染者,虹口,闭环隔离管控,601
20220419,无症状感染者,杨浦,闭环隔离管控,701
20220419,无症状感染者,闵行,闭环隔离管控,1212
20220419,无症状感染者,宝山,闭环隔离管控,916
20220419,无症状感染者,嘉定,闭环隔离管控,629
20220419,无症状感染者,金山,闭环隔离管控,8
20220419,无症状感染者,松江,闭环隔离管控,265
20220419,无症状感染者,青浦,闭环隔离管控,310
20220419,无症状感染者,奉贤,闭环隔离管控,56
20220419,无症状感染者,崇明,闭环隔离管控,55
20220419,无症状感染者,浦东,风险人群筛查,85
20220419,无症状感染者,黄浦,风险人群筛查,23
20220419,无症状感染者,徐汇,风险人群筛查,61
20220419,无症状感染者,长宁,风险人群筛查,2
20220419,无症状感染者,静安,风险人群筛查,26
20220419,无症状感染者,普陀,风险人群筛查,5
20220419,无症状感染者,虹口,风险人群筛查,4
20220419,无症状感染者,杨浦,风险人群筛查,1
20220419,无症状感染者,闵行,风险人群筛查,1
20220419,无症状感染者,嘉定,风险人群筛查,10
20220419,无症状感染者,松江,风险人群筛查,2
20220419,无症状感染者,青浦,风险人群筛查,7
20220419,无症状感染者,奉贤,风险人群筛查,2
20220420,确诊病例,浦东,闭环隔离管控,575
20220420,确诊病例,黄浦,闭环隔离管控,207
20220420,确诊病例,徐汇,闭环隔离管控,118
20220420,确诊病例,长宁,闭环隔离管控,78
20220420,确诊病例,静安,闭环隔离管控,128
20220420,确诊病例,普陀,闭环隔离管控,27
20220420,确诊病例,虹口,闭环隔离管控,67
20220420,确诊病例,杨浦,闭环隔离管控,174
20220420,确诊病例,闵行,闭环隔离管控,239
20220420,确诊病例,宝山,闭环隔离管控,76
20220420,确诊病例,嘉定,闭环隔离管控,64
20220420,确诊病例,金山,闭环隔离管控,9
20220420,确诊病例,松江,闭环隔离管控,142
20220420,确诊病例,青浦,闭环隔离管控,60
20220420,确诊病例,奉贤,闭环隔离管控,5
20220420,确诊病例,崇明,闭环隔离管控,7
20220420,确诊病例,浦东,风险人群筛查,26
20220420,确诊病例,黄浦,风险人群筛查,10
20220420,确诊病例,徐汇,风险人群筛查,18
20220420,确诊病例,长宁,风险人群筛查,35
20220420,确诊病例,静安,风险人群筛查,10
20220420,确诊病例,普陀,风险人群筛查,11
20220420,确诊病例,虹口,风险人群筛查,28
20220420,确诊病例,杨浦,风险人群筛查,5
20220420,确诊病例,闵行,风险人群筛查,26
20220420,确诊病例,宝山,风险人群筛查,20
20220420,确诊病例,嘉定,风险人群筛查,5
20220420,确诊病例,松江,风险人群筛查,1
20220420,确诊病例,青浦,风险人群筛查,4
20220420,确诊病例,浦东,此前报告的本土无症状感染,155
20220420,确诊病例,黄浦,此前报告的本土无症状感染,35
20220420,确诊病例,徐汇,此前报告的本土无症状感染,55
20220420,确诊病例,长宁,此前报告的本土无症状感染,10
20220420,确诊病例,静安,此前报告的本土无症状感染,26
20220420,确诊病例,普陀,此前报告的本土无症状感染,11
20220420,确诊病例,虹口,此前报告的本土无症状感染,7
20220420,确诊病例,杨浦,此前报告的本土无症状感染,23
20220420,确诊病例,闵行,此前报告的本土无症状感染,26
20220420,确诊病例,宝山,此前报告的本土无症状感染,11
20220420,确诊病例,嘉定,此前报告的本土无症状感染,13
20220420,确诊病例,金山,此前报告的本土无症状感染,7
20220420,确诊病例,松江,此前报告的本土无症状感染,22
20220420,确诊病例,青浦,此前报告的本土无症状感染,56
20220420,确诊病例,奉贤,此前报告的本土无症状感染,1
20220420,确诊病例,崇明,此前报告的本土无症状感染,1
20220420,无症状感染者,浦东,闭环隔离管控,3605
20220420,无症状感染者,黄浦,闭环隔离管控,2809
20220420,无症状感染者,徐汇,闭环隔离管控,1234
20220420,无症状感染者,长宁,闭环隔离管控,590
20220420,无症状感染者,静安,闭环隔离管控,963
20220420,无症状感染者,普陀,闭环隔离管控,485
20220420,无症状感染者,虹口,闭环隔离管控,726
20220420,无症状感染者,杨浦,闭环隔离管控,1792
20220420,无症状感染者,闵行,闭环隔离管控,1388
20220420,无症状感染者,宝山,闭环隔离管控,718
20220420,无症状感染者,嘉定,闭环隔离管控,556
20220420,无症状感染者,金山,闭环隔离管控,8
20220420,无症状感染者,松江,闭环隔离管控,505
20220420,无症状感染者,青浦,闭环隔离管控,157
20220420,无症状感染者,奉贤,闭环隔离管控,26
20220420,无症状感染者,崇明,闭环隔离管控,57
20220420,无症状感染者,浦东,风险人群筛查,104
20220420,无症状感染者,黄浦,风险人群筛查,36
20220420,无症状感染者,徐汇,风险人群筛查,22
20220420,无症状感染者,长宁,风险人群筛查,13
20220420,无症状感染者,静安,风险人群筛查,3
20220420,无症状感染者,普陀,风险人群筛查,21
20220420,无症状感染者,虹口,风险人群筛查,4
20220420,无症状感染者,杨浦,风险人群筛查,11
20220420,无症状感染者,闵行,风险人群筛查,7
20220420,无症状感染者,宝山,风险人群筛查,8
20220420,无症状感染者,嘉定,风险人群筛查,3
20220420,无症状感染者,金山,风险人群筛查,1
20220420,无症状感染者,松江,风险人群筛查,6
20220420,无症状感染者,青浦,风险人群筛查,3
20220421,确诊病例,浦东,闭环隔离管控,378
20220421,确诊病例,黄浦,闭环隔离管控,150
20220421,确诊病例,徐汇,闭环隔离管控,258
20220421,确诊病例,长宁,闭环隔离管控,83
20220421,确诊病例,静安,闭环隔离管控,140
20220421,确诊病例,普陀,闭环隔离管控,86
20220421,确诊病例,虹口,闭环隔离管控,98
20220421,确诊病例,杨浦,闭环隔离管控,50
20220421,确诊病例,闵行,闭环隔离管控,135
20220421,确诊病例,宝山,闭环隔离管控,123
20220421,确诊病例,嘉定,闭环隔离管控,77
20220421,确诊病例,金山,闭环隔离管控,2
20220421,确诊病例,松江,闭环隔离管控,22
20220421,确诊病例,青浦,闭环隔离管控,54
20220421,确诊病例,奉贤,闭环隔离管控,10
20220421,确诊病例,崇明,闭环隔离管控,19
20220421,确诊病例,浦东,风险人群筛查,17
20220421,确诊病例,黄浦,风险人群筛查,17
20220421,确诊病例,徐汇,风险人群筛查,12
20220421,确诊病例,长宁,风险人群筛查,1
20220421,确诊病例,静安,风险人群筛查,9
20220421,确诊病例,普陀,风险人群筛查,6
20220421,确诊病例,虹口,风险人群筛查,4
20220421,确诊病例,杨浦,风险人群筛查,3
20220421,确诊病例,闵行,风险人群筛查,18
20220421,确诊病例,宝山,风险人群筛查,10
20220421,确诊病例,嘉定,风险人群筛查,3
20220421,确诊病例,青浦,风险人群筛查,3
20220421,确诊病例,浦东,此前报告的本土无症状感染,14
20220421,确诊病例,黄浦,此前报告的本土无症状感染,25
20220421,确诊病例,徐汇,此前报告的本土无症状感染,77
20220421,确诊病例,长宁,此前报告的本土无症状感染,1
20220421,确诊病例,静安,此前报告的本土无症状感染,1
20220421,确诊病例,普陀,此前报告的本土无症状感染,2
20220421,确诊病例,虹口,此前报告的本土无症状感染,1
20220421,确诊病例,杨浦,此前报告的本土无症状感染,1
20220421,确诊病例,宝山,此前报告的本土无症状感染,3
20220421,确诊病例,金山,此前报告的本土无症状感染,6
20220421,确诊病例,青浦,此前报告的本土无症状感染,3
20220421,确诊病例,奉贤,此前报告的本土无症状感染,4
20220421,确诊病例,崇明,此前报告的本土无症状感染,5
20220421,无症状感染者,浦东,闭环隔离管控,4226
20220421,无症状感染者,黄浦,闭环隔离管控,1556
20220421,无症状感染者,徐汇,闭环隔离管控,981
20220421,无症状感染者,长宁,闭环隔离管控,404
20220421,无症状感染者,静安,闭环隔离管控,1906
20220421,无症状感染者,普陀,闭环隔离管控,389
20220421,无症状感染者,虹口,闭环隔离管控,780
20220421,无症状感染者,杨浦,闭环隔离管控,482
20220421,无症状感染者,闵行,闭环隔离管控,2383
20220421,无症状感染者,宝山,闭环隔离管控,839
20220421,无症状感染者,嘉定,闭环隔离管控,687
20220421,无症状感染者,金山,闭环隔离管控,22
20220421,无症状感染者,松江,闭环隔离管控,469
20220421,无症状感染者,青浦,闭环隔离管控,311
20220421,无症状感染者,奉贤,闭环隔离管控,20
20220421,无症状感染者,崇明,闭环隔离管控,96
20220421,无症状感染者,浦东,风险人群筛查,20
20220421,无症状感染者,黄浦,风险人群筛查,4
20220421,无症状感染者,徐汇,风险人群筛查,38
20220421,无症状感染者,长宁,风险人群筛查,7
20220421,无症状感染者,静安,风险人群筛查,8
20220421,无症状感染者,普陀,风险人群筛查,6
20220421,无症状感染者,虹口,风险人群筛查,2
20220421,无症状感染者,杨浦,风险人群筛查,7
20220421,无症状感染者,闵行,风险人群筛查,27
20220421,无症状感染者,宝山,风险人群筛查,3
20220421,无症状感染者,嘉定,风险人群筛查,9
20220421,无症状感染者,松江,风险人群筛查,2
20220421,无症状感染者,青浦,风险人群筛查,14
20220422,确诊病例,浦东,闭环隔离管控,519
20220422,确诊病例,黄浦,闭环隔离管控,167
20220422,确诊病例,徐汇,闭环隔离管控,20
20220422,确诊病例,长宁,闭环隔离管控,87
20220422,确诊病例,静安,闭环隔离管控,64
20220422,确诊病例,普陀,闭环隔离管控,36
20220422,确诊病例,虹口,闭环隔离管控,113
20220422,确诊病例,杨浦,闭环隔离管控,79
20220422,确诊病例,闵行,闭环隔离管控,104
20220422,确诊病例,宝山,闭环隔离管控,116
20220422,确诊病例,嘉定,闭环隔离管控,67
20220422,确诊病例,松江,闭环隔离管控,115
20220422,确诊病例,青浦,闭环隔离管控,41
20220422,确诊病例,奉贤,闭环隔离管控,5
20220422,确诊病例,崇明,闭环隔离管控,9
20220422,确诊病例,浦东,风险人群筛查,3
20220422,确诊病例,黄浦,风险人群筛查,8
20220422,确诊病例,徐汇,风险人群筛查,24
20220422,确诊病例,长宁,风险人群筛查,1
20220422,确诊病例,静安,风险人群筛查,8
20220422,确诊病例,普陀,风险人群筛查,4
20220422,确诊病例,虹口,风险人群筛查,1
20220422,确诊病例,杨浦,风险人群筛查,3
20220422,确诊病例,闵行,风险人群筛查,12
20220422,确诊病例,宝山,风险人群筛查,6
20220422,确诊病例,嘉定,风险人群筛查,1
20220422,确诊病例,松江,风险人群筛查,2
20220422,确诊病例,青浦,风险人群筛查,1
20220422,确诊病例,浦东,此前报告的本土无症状感染,182
20220422,确诊病例,黄浦,此前报告的本土无症状感染,260
20220422,确诊病例,徐汇,此前报告的本土无症状感染,79
20220422,确诊病例,长宁,此前报告的本土无症状感染,76
20220422,确诊病例,静安,此前报告的本土无症状感染,4
20220422,确诊病例,普陀,此前报告的本土无症状感染,31
20220422,确诊病例,虹口,此前报告的本土无症状感染,314
20220422,确诊病例,杨浦,此前报告的本土无症状感染,6
20220422,确诊病例,闵行,此前报告的本土无症状感染,92
20220422,确诊病例,宝山,此前报告的本土无症状感染,57
20220422,确诊病例,嘉定,此前报告的本土无症状感染,8
20220422,确诊病例,松江,此前报告的本土无症状感染,3
20220422,确诊病例,青浦,此前报告的本土无症状感染,2
20220422,确诊病例,奉贤,此前报告的本土无症状感染,1
20220422,确诊病例,崇明,此前报告的本土无症状感染,5
20220422,无症状感染者,浦东,闭环隔离管控,7229
20220422,无症状感染者,黄浦,闭环隔离管控,2406
20220422,无症状感染者,徐汇,闭环隔离管控,1125
20220422,无症状感染者,长宁,闭环隔离管控,545
20220422,无症状感染者,静安,闭环隔离管控,701
20220422,无症状感染者,普陀,闭环隔离管控,450
20220422,无症状感染者,虹口,闭环隔离管控,564
20220422,无症状感染者,杨浦,闭环隔离管控,1257
20220422,无症状感染者,闵行,闭环隔离管控,1080
20220422,无症状感染者,宝山,闭环隔离管控,1836
20220422,无症状感染者,嘉定,闭环隔离管控,419
20220422,无症状感染者,金山,闭环隔离管控,25
20220422,无症状感染者,松江,闭环隔离管控,2446
20220422,无症状感染者,青浦,闭环隔离管控,302
20220422,无症状感染者,奉贤,闭环隔离管控,2
20220422,无症状感染者,崇明,闭环隔离管控,103
20220422,无症状感染者,浦东,风险人群筛查,28
20220422,无症状感染者,黄浦,风险人群筛查,2
20220422,无症状感染者,徐汇,风险人群筛查,27
20220422,无症状感染者,长宁,风险人群筛查,4
20220422,无症状感染者,静安,风险人群筛查,9
20220422,无症状感染者,普陀,风险人群筛查,2
20220422,无症状感染者,虹口,风险人群筛查,5
20220422,无症状感染者,杨浦,风险人群筛查,11
20220422,无症状感染者,闵行,风险人群筛查,17
20220422,无症状感染者,宝山,风险人群筛查,18
20220422,无症状感染者,嘉定,风险人群筛查,5
20220422,无症状感染者,金山,风险人群筛查,1
20220422,无症状感染者,松江,风险人群筛查,2
20220422,无症状感染者,青浦,风险人群筛查,13
20220423,确诊病例,浦东,闭环隔离管控,202
20220423,确诊病例,黄浦,闭环隔离管控,42
20220423,确诊病例,徐汇,闭环隔离管控,77
20220423,确诊病例,长宁,闭环隔离管控,18
20220423,确诊病例,静安,闭环隔离管控,36
20220423,确诊病例,普陀,闭环隔离管控,29
20220423,确诊病例,虹口,闭环隔离管控,49
20220423,确诊病例,杨浦,闭环隔离管控,31
20220423,确诊病例,闵行,闭环隔离管控,72
20220423,确诊病例,宝山,闭环隔离管控,126
20220423,确诊病例,嘉定,闭环隔离管控,61
20220423,确诊病例,松江,闭环隔离管控,29
20220423,确诊病例,青浦,闭环隔离管控,19
20220423,确诊病例,崇明,闭环隔离管控,25
20220423,确诊病例,浦东,风险人群筛查,3
20220423,确诊病例,黄浦,风险人群筛查,1
20220423,确诊病例,徐汇,风险人群筛查,7
20220423,确诊病例,静安,风险人群筛查,2
20220423,确诊病例,普陀,风险人群筛查,1
20220423,确诊病例,虹口,风险人群筛查,2
20220423,确诊病例,杨浦,风险人群筛查,6
20220423,确诊病例,闵行,风险人群筛查,6
20220423,确诊病例,宝山,风险人群筛查,7
20220423,确诊病例,嘉定,风险人群筛查,2
20220423,确诊病例,松江,风险人群筛查,1
20220423,确诊病例,青浦,风险人群筛查,6
20220423,确诊病例,浦东,此前报告的本土无症状感染,336
20220423,确诊病例,黄浦,此前报告的本土无症状感染,53
20220423,确诊病例,徐汇,此前报告的本土无症状感染,7
20220423,确诊病例,长宁,此前报告的本土无症状感染,51
20220423,确诊病例,静安,此前报告的本土无症状感染,2
20220423,确诊病例,普陀,此前报告的本土无症状感染,9
20220423,确诊病例,虹口,此前报告的本土无症状感染,31
20220423,确诊病例,杨浦,此前报告的本土无症状感染,5
20220423,确诊病例,闵行,此前报告的本土无症状感染,30
20220423,确诊病例,宝山,此前报告的本土无症状感染,2
20220423,确诊病例,嘉定,此前报告的本土无症状感染,10
20220423,确诊病例,松江,此前报告的本土无症状感染,2
20220423,确诊病例,青浦,此前报告的本土无症状感染,1
20220423,确诊病例,奉贤,此前报告的本土无症状感染,1
20220423,确诊病例,崇明,此前报告的本土无症状感染,1
20220423,无症状感染者,浦东,闭环隔离管控,7026
20220423,无症状感染者,黄浦,闭环隔离管控,1863
20220423,无症状感染者,徐汇,闭环隔离管控,1617
20220423,无症状感染者,长宁,闭环隔离管控,641
20220423,无症状感染者,静安,闭环隔离管控,426
20220423,无症状感染者,普陀,闭环隔离管控,439
20220423,无症状感染者,虹口,闭环隔离管控,722
20220423,无症状感染者,杨浦,闭环隔离管控,1217
20220423,无症状感染者,闵行,闭环隔离管控,749
20220423,无症状感染者,宝山,闭环隔离管控,2721
20220423,无症状感染者,嘉定,闭环隔离管控,670
20220423,无症状感染者,金山,闭环隔离管控,43
20220423,无症状感染者,松江,闭环隔离管控,738
20220423,无症状感染者,青浦,闭环隔离管控,361
20220423,无症状感染者,奉贤,闭环隔离管控,7
20220423,无症状感染者,崇明,闭环隔离管控,181
20220423,无症状感染者,浦东,风险人群筛查,59
20220423,无症状感染者,徐汇,风险人群筛查,14
20220423,无症状感染者,长宁,风险人群筛查,17
20220423,无症状感染者,静安,风险人群筛查,5
20220423,无症状感染者,虹口,风险人群筛查,15
20220423,无症状感染者,杨浦,风险人群筛查,18
20220423,无症状感染者,闵行,风险人群筛查,20
20220423,无症状感染者,宝山,风险人群筛查,30
20220423,无症状感染者,嘉定,风险人群筛查,8
20220423,无症状感染者,金山,风险人群筛查,1
20220423,无症状感染者,松江,风险人群筛查,3
20220423,无症状感染者,青浦,风险人群筛查,37
20220423,无症状感染者,奉贤,风险人群筛查,8
20220423,无症状感染者,崇明,风险人群筛查,1
20220424,确诊病例,浦东,闭环隔离管控,510
20220424,确诊病例,黄浦,闭环隔离管控,173
20220424,确诊病例,徐汇,闭环隔离管控,120
20220424,确诊病例,长宁,闭环隔离管控,63
20220424,确诊病例,静安,闭环隔离管控,107
20220424,确诊病例,普陀,闭环隔离管控,38
20220424,确诊病例,虹口,闭环隔离管控,97
20220424,确诊病例,杨浦,闭环隔离管控,51
20220424,确诊病例,闵行,闭环隔离管控,83
20220424,确诊病例,宝山,闭环隔离管控,123
20220424,确诊病例,嘉定,闭环隔离管控,125
20220424,确诊病例,松江,闭环隔离管控,35
20220424,确诊病例,青浦,闭环隔离管控,5
20220424,确诊病例,崇明,闭环隔离管控,27
20220424,确诊病例,浦东,风险人群筛查,21
20220424,确诊病例,黄浦,风险人群筛查,2
20220424,确诊病例,徐汇,风险人群筛查,7
20220424,确诊病例,长宁,风险人群筛查,2
20220424,确诊病例,静安,风险人群筛查,6
20220424,确诊病例,虹口,风险人群筛查,4
20220424,确诊病例,杨浦,风险人群筛查,4
20220424,确诊病例,闵行,风险人群筛查,17
20220424,确诊病例,宝山,风险人群筛查,2
20220424,确诊病例,嘉定,风险人群筛查,4
20220424,确诊病例,浦东,此前报告的本土无症状感染,343
20220424,确诊病例,黄浦,此前报告的本土无症状感染,142
20220424,确诊病例,徐汇,此前报告的本土无症状感染,101
20220424,确诊病例,长宁,此前报告的本土无症状感染,11
20220424,确诊病例,静安,此前报告的本土无症状感染,29
20220424,确诊病例,普陀,此前报告的本土无症状感染,5
20220424,确诊病例,虹口,此前报告的本土无症状感染,5
20220424,确诊病例,杨浦,此前报告的本土无症状感染,20
20220424,确诊病例,闵行,此前报告的本土无症状感染,43
20220424,确诊病例,宝山,此前报告的本土无症状感染,10
20220424,确诊病例,嘉定,此前报告的本土无症状感染,3
20220424,确诊病例,松江,此前报告的本土无症状感染,131
20220424,确诊病例,青浦,此前报告的本土无症状感染,3
20220424,无症状感染者,浦东,闭环隔离管控,5255
20220424,无症状感染者,黄浦,闭环隔离管控,1437
20220424,无症状感染者,徐汇,闭环隔离管控,1159
20220424,无症状感染者,长宁,闭环隔离管控,671
20220424,无症状感染者,静安,闭环隔离管控,1546
20220424,无症状感染者,普陀,闭环隔离管控,431
20220424,无症状感染者,虹口,闭环隔离管控,542
20220424,无症状感染者,杨浦,闭环隔离管控,1138
20220424,无症状感染者,闵行,闭环隔离管控,1070
20220424,无症状感染者,宝山,闭环隔离管控,2356
20220424,无症状感染者,嘉定,闭环隔离管控,466
20220424,无症状感染者,金山,闭环隔离管控,67
20220424,无症状感染者,松江,闭环隔离管控,382
20220424,无症状感染者,青浦,闭环隔离管控,240
20220424,无症状感染者,奉贤,闭环隔离管控,7
20220424,无症状感染者,崇明,闭环隔离管控,68
20220424,无症状感染者,浦东,风险人群筛查,52
20220424,无症状感染者,黄浦,风险人群筛查,1
20220424,无症状感染者,徐汇,风险人群筛查,9
20220424,无症状感染者,长宁,风险人群筛查,2
20220424,无症状感染者,静安,风险人群筛查,14
20220424,无症状感染者,普陀,风险人群筛查,3
20220424,无症状感染者,虹口,风险人群筛查,7
20220424,无症状感染者,杨浦,风险人群筛查,22
20220424,无症状感染者,闵行,风险人群筛查,16
20220424,无症状感染者,宝山,风险人群筛查,15
20220424,无症状感染者,嘉定,风险人群筛查,3
20220424,无症状感染者,金山,风险人群筛查,1
20220424,无症状感染者,青浦,风险人群筛查,3
20220425,确诊病例,浦东,闭环隔离管控,26
20220425,确诊病例,黄浦,闭环隔离管控,54
20220425,确诊病例,徐汇,闭环隔离管控,36
20220425,确诊病例,长宁,闭环隔离管控,43
20220425,确诊病例,静安,闭环隔离管控,30
20220425,确诊病例,普陀,闭环隔离管控,38
20220425,确诊病例,虹口,闭环隔离管控,83
20220425,确诊病例,杨浦,闭环隔离管控,30
20220425,确诊病例,闵行,闭环隔离管控,27
20220425,确诊病例,宝山,闭环隔离管控,140
20220425,确诊病例,嘉定,闭环隔离管控,44
20220425,确诊病例,松江,闭环隔离管控,45
20220425,确诊病例,青浦,闭环隔离管控,42
20220425,确诊病例,奉贤,闭环隔离管控,1
20220425,确诊病例,崇明,闭环隔离管控,36
20220425,确诊病例,黄浦,风险人群筛查,1
20220425,确诊病例,静安,风险人群筛查,1
20220425,确诊病例,虹口,风险人群筛查,4
20220425,确诊病例,闵行,风险人群筛查,1
20220425,确诊病例,宝山,风险人群筛查,11
20220425,确诊病例,浦东,此前报告的本土无症状感染,266
20220425,确诊病例,黄浦,此前报告的本土无症状感染,101
20220425,确诊病例,徐汇,此前报告的本土无症状感染,173
20220425,确诊病例,长宁,此前报告的本土无症状感染,54
20220425,确诊病例,静安,此前报告的本土无症状感染,100
20220425,确诊病例,普陀,此前报告的本土无症状感染,9
20220425,确诊病例,虹口,此前报告的本土无症状感染,51
20220425,确诊病例,杨浦,此前报告的本土无症状感染,35
20220425,确诊病例,闵行,此前报告的本土无症状感染,33
20220425,确诊病例,宝山,此前报告的本土无症状感染,65
20220425,确诊病例,嘉定,此前报告的本土无症状感染,14
20220425,确诊病例,松江,此前报告的本土无症状感染,63
20220425,确诊病例,青浦,此前报告的本土无症状感染,2
20220425,确诊病例,奉贤,此前报告的本土无症状感染,2
20220425,无症状感染者,浦东,闭环隔离管控,3571
20220425,无症状感染者,黄浦,闭环隔离管控,2515
20220425,无症状感染者,徐汇,闭环隔离管控,1122
20220425,无症状感染者,长宁,闭环隔离管控,434
20220425,无症状感染者,静安,闭环隔离管控,883
20220425,无症状感染者,普陀,闭环隔离管控,367
20220425,无症状感染者,虹口,闭环隔离管控,1122
20220425,无症状感染者,杨浦,闭环隔离管控,1113
20220425,无症状感染者,闵行,闭环隔离管控,650
20220425,无症状感染者,宝山,闭环隔离管控,1546
20220425,无症状感染者,嘉定,闭环隔离管控,465
20220425,无症状感染者,金山,闭环隔离管控,22
20220425,无症状感染者,松江,闭环隔离管控,528
20220425,无症状感染者,青浦,闭环隔离管控,335
20220425,无症状感染者,奉贤,闭环隔离管控,9
20220425,无症状感染者,崇明,闭环隔离管控,438
20220425,无症状感染者,浦东,风险人群筛查,49
20220425,无症状感染者,徐汇,风险人群筛查,10
20220425,无症状感染者,长宁,风险人群筛查,3
20220425,无症状感染者,静安,风险人群筛查,2
20220425,无症状感染者,普陀,风险人群筛查,4
20220425,无症状感染者,虹口,风险人群筛查,10
20220425,无症状感染者,杨浦,风险人群筛查,66
20220425,无症状感染者,闵行,风险人群筛查,6
20220425,无症状感染者,宝山,风险人群筛查,24
20220425,无症状感染者,嘉定,风险人群筛查,20
20220425,无症状感染者,松江,风险人群筛查,5
20220426,确诊病例,浦东,闭环隔离管控,78
20220426,确诊病例,黄浦,闭环隔离管控,24
20220426,确诊病例,徐汇,闭环隔离管控,30
20220426,确诊病例,长宁,闭环隔离管控,25
20220426,确诊病例,静安,闭环隔离管控,25
20220426,确诊病例,普陀,闭环隔离管控,23
20220426,确诊病例,虹口,闭环隔离管控,12
20220426,确诊病例,杨浦,闭环隔离管控,24
20220426,确诊病例,闵行,闭环隔离管控,48
20220426,确诊病例,宝山,闭环隔离管控,19
20220426,确诊病例,嘉定,闭环隔离管控,23
20220426,确诊病例,金山,闭环隔离管控,1
20220426,确诊病例,青浦,闭环隔离管控,5
20220426,确诊病例,奉贤,闭环隔离管控,1
20220426,确诊病例,崇明,闭环隔离管控,2
20220426,确诊病例,浦东,风险人群筛查,5
20220426,确诊病例,徐汇,风险人群筛查,1
20220426,确诊病例,静安,风险人群筛查,6
20220426,确诊病例,宝山,风险人群筛查,1
20220426,确诊病例,浦东,此前报告的本土无症状感染,123
20220426,确诊病例,黄浦,此前报告的本土无症状感染,277
20220426,确诊病例,徐汇,此前报告的本土无症状感染,142
20220426,确诊病例,长宁,此前报告的本土无症状感染,39
20220426,确诊病例,静安,此前报告的本土无症状感染,114
20220426,确诊病例,普陀,此前报告的本土无症状感染,81
20220426,确诊病例,虹口,此前报告的本土无症状感染,25
20220426,确诊病例,杨浦,此前报告的本土无症状感染,23
20220426,确诊病例,闵行,此前报告的本土无症状感染,23
20220426,确诊病例,宝山,此前报告的本土无症状感染,275
20220426,确诊病例,嘉定,此前报告的本土无症状感染,66
20220426,确诊病例,金山,此前报告的本土无症状感染,1
20220426,确诊病例,松江,此前报告的本土无症状感染,29
20220426,确诊病例,青浦,此前报告的本土无症状感染,22
20220426,确诊病例,奉贤,此前报告的本土无症状感染,1
20220426,确诊病例,崇明,此前报告的本土无症状感染,12
20220426,无症状感染者,浦东,闭环隔离管控,2436
20220426,无症状感染者,黄浦,闭环隔离管控,927
20220426,无症状感染者,徐汇,闭环隔离管控,716
20220426,无症状感染者,长宁,闭环隔离管控,354
20220426,无症状感染者,静安,闭环隔离管控,1246
20220426,无症状感染者,普陀,闭环隔离管控,259
20220426,无症状感染者,虹口,闭环隔离管控,1092
20220426,无症状感染者,杨浦,闭环隔离管控,1059
20220426,无症状感染者,闵行,闭环隔离管控,677
20220426,无症状感染者,宝山,闭环隔离管控,1658
20220426,无症状感染者,嘉定,闭环隔离管控,345
20220426,无症状感染者,金山,闭环隔离管控,25
20220426,无症状感染者,松江,闭环隔离管控,256
20220426,无症状感染者,青浦,闭环隔离管控,284
20220426,无症状感染者,奉贤,闭环隔离管控,11
20220426,无症状感染者,崇明,闭环隔离管控,453
20220426,无症状感染者,浦东,风险人群筛查,103
20220426,无症状感染者,徐汇,风险人群筛查,15
20220426,无症状感染者,长宁,风险人群筛查,1
20220426,无症状感染者,静安,风险人群筛查,3
20220426,无症状感染者,普陀,风险人群筛查,2
20220426,无症状感染者,虹口,风险人群筛查,7
20220426,无症状感染者,闵行,风险人群筛查,1
20220426,无症状感染者,宝山,风险人群筛查,23
20220426,无症状感染者,金山,风险人群筛查,1
20220426,无症状感染者,松江,风险人群筛查,2
20220428,确诊病例,浦东,闭环隔离管控,95
20220428,确诊病例,黄浦,闭环隔离管控,26
20220428,确诊病例,徐汇,闭环隔离管控,43
20220428,确诊病例,长宁,闭环隔离管控,16
20220428,确诊病例,静安,闭环隔离管控,32
20220428,确诊病例,普陀,闭环隔离管控,18
20220428,确诊病例,虹口,闭环隔离管控,67
20220428,确诊病例,杨浦,闭环隔离管控,13
20220428,确诊病例,闵行,闭环隔离管控,21
20220428,确诊病例,宝山,闭环隔离管控,16
20220428,确诊病例,嘉定,闭环隔离管控,42
20220428,确诊病例,金山,闭环隔离管控,1
20220428,确诊病例,松江,闭环隔离管控,20
20220428,确诊病例,青浦,闭环隔离管控,5
20220428,确诊病例,奉贤,闭环隔离管控,1
20220428,确诊病例,崇明,闭环隔离管控,2
20220428,确诊病例,浦东,风险人群筛查,5
20220428,确诊病例,静安,风险人群筛查,1
20220428,确诊病例,松江,风险人群筛查,1
20220428,确诊病例,浦东,此前报告的本土无症状感染,1356
20220428,确诊病例,黄浦,此前报告的本土无症状感染,1344
20220428,确诊病例,徐汇,此前报告的本土无症状感染,484
20220428,确诊病例,长宁,此前报告的本土无症状感染,247
20220428,确诊病例,静安,此前报告的本土无症状感染,316
20220428,确诊病例,普陀,此前报告的本土无症状感染,78
20220428,确诊病例,虹口,此前报告的本土无症状感染,402
20220428,确诊病例,杨浦,此前报告的本土无症状感染,62
20220428,确诊病例,闵行,此前报告的本土无症状感染,49
20220428,确诊病例,宝山,此前报告的本土无症状感染,261
20220428,确诊病例,嘉定,此前报告的本土无症状感染,90
20220428,确诊病例,金山,此前报告的本土无症状感染,7
20220428,确诊病例,松江,此前报告的本土无症状感染,231
20220428,确诊病例,青浦,此前报告的本土无症状感染,132
20220428,确诊病例,奉贤,此前报告的本土无症状感染,2
20220428,确诊病例,崇明,此前报告的本土无症状感染,1
20220428,无症状感染者,浦东,闭环隔离管控,1950
20220428,无症状感染者,黄浦,闭环隔离管控,1286
20220428,无症状感染者,徐汇,闭环隔离管控,1053
20220428,无症状感染者,长宁,闭环隔离管控,384
20220428,无症状感染者,静安,闭环隔离管控,1008
20220428,无症状感染者,普陀,闭环隔离管控,138
20220428,无症状感染者,虹口,闭环隔离管控,905
20220428,无症状感染者,杨浦,闭环隔离管控,733
20220428,无症状感染者,闵行,闭环隔离管控,351
20220428,无症状感染者,宝山,闭环隔离管控,945
20220428,无症状感染者,嘉定,闭环隔离管控,356
20220428,无症状感染者,金山,闭环隔离管控,20
20220428,无症状感染者,松江,闭环隔离管控,145
20220428,无症状感染者,青浦,闭环隔离管控,132
20220428,无症状感染者,奉贤,闭环隔离管控,3
20220428,无症状感染者,崇明,闭环隔离管控,35
20220428,无症状感染者,浦东,风险人群筛查,66
20220428,无症状感染者,静安,风险人群筛查,7
20220428,无症状感染者,普陀,风险人群筛查,1
20220428,无症状感染者,闵行,风险人群筛查,1
20220428,无症状感染者,宝山,风险人群筛查,21
20220428,无症状感染者,松江,风险人群筛查,5
20220429,确诊病例,浦东,闭环隔离管控,42
20220429,确诊病例,黄浦,闭环隔离管控,8
20220429,确诊病例,徐汇,闭环隔离管控,50
20220429,确诊病例,长宁,闭环隔离管控,4
20220429,确诊病例,静安,闭环隔离管控,34
20220429,确诊病例,普陀,闭环隔离管控,32
20220429,确诊病例,虹口,闭环隔离管控,15
20220429,确诊病例,杨浦,闭环隔离管控,11
20220429,确诊病例,闵行,闭环隔离管控,8
20220429,确诊病例,宝山,闭环隔离管控,26
20220429,确诊病例,嘉定,闭环隔离管控,9
20220429,确诊病例,松江,闭环隔离管控,14
20220429,确诊病例,青浦,闭环隔离管控,11
20220429,确诊病例,浦东,此前报告的本土无症状感染,89
20220429,确诊病例,黄浦,此前报告的本土无症状感染,242
20220429,确诊病例,徐汇,此前报告的本土无症状感染,164
20220429,确诊病例,长宁,此前报告的本土无症状感染,54
20220429,确诊病例,静安,此前报告的本土无症状感染,90
20220429,确诊病例,普陀,此前报告的本土无症状感染,23
20220429,确诊病例,虹口,此前报告的本土无症状感染,7
20220429,确诊病例,杨浦,此前报告的本土无症状感染,16
20220429,确诊病例,闵行,此前报告的本土无症状感染,136
20220429,确诊病例,宝山,此前报告的本土无症状感染,104
20220429,确诊病例,嘉定,此前报告的本土无症状感染,13
20220429,确诊病例,金山,此前报告的本土无症状感染,1
20220429,确诊病例,松江,此前报告的本土无症状感染,10
20220429,确诊病例,青浦,此前报告的本土无症状感染,35
20220429,确诊病例,奉贤,此前报告的本土无症状感染,1
20220429,无症状感染者,浦东,闭环隔离管控,1897
20220429,无症状感染者,黄浦,闭环隔离管控,1149
20220429,无症状感染者,徐汇,闭环隔离管控,388
20220429,无症状感染者,长宁,闭环隔离管控,319
20220429,无症状感染者,静安,闭环隔离管控,1143
20220429,无症状感染者,普陀,闭环隔离管控,86
20220429,无症状感染者,虹口,闭环隔离管控,993
20220429,无症状感染者,杨浦,闭环隔离管控,740
20220429,无症状感染者,闵行,闭环隔离管控,372
20220429,无症状感染者,宝山,闭环隔离管控,1067
20220429,无症状感染者,嘉定,闭环隔离管控,246
20220429,无症状感染者,金山,闭环隔离管控,18
20220429,无症状感染者,松江,闭环隔离管控,110
20220429,无症状感染者,青浦,闭环隔离管控,110
20220429,无症状感染者,奉贤,闭环隔离管控,25
20220429,无症状感染者,崇明,闭环隔离管控,269
