district,address,complete_address,经纬度,street_level
浦东新区,北蔡镇一六村船舫队,上海市浦东新区一六村船舫队,"121.586233,31.158181",北蔡镇
浦东新区,北蔡镇一六村油车队,上海市浦东新区油车队,"121.583996,31.160100",北蔡镇
浦东新区,曹路镇顾东村顾路老街,上海市浦东新区顾路老街,"121.664009,31.292765",曹路镇
浦东新区,曹路镇日新村龚家宅,上海市浦东新区日新村,"121.671046,31.263665",曹路镇
浦东新区,川沙新镇陈行村张家宅,上海市浦东新区陈行村,"121.713111,31.165994",川沙新镇
浦东新区,川沙新镇杜尹村,上海市浦东新区杜尹村,"121.746539,31.161738",川沙新镇
浦东新区,川沙新镇华路村瞿家宅,上海市浦东新区华路村,"121.731666,31.192686",川沙新镇
浦东新区,川沙新镇药师村,上海市浦东新区药师村,"121.682830,31.202649",川沙新镇
浦东新区,东方路1369号,上海市浦东新区东方路1369号,"121.529054,31.212151",塘桥街道
浦东新区,芳华路9弄,上海市浦东新区芳华路9弄,"121.550575,31.194238",花木街道
浦东新区,高桥镇三岔港村草高路宅,上海市浦东新区草高路,"121.525611,31.375860",高桥镇
浦东新区,高翔环路562号,上海市浦东新区高翔环路562号,"121.633129,31.326432",高东镇
浦东新区,海鸣路顾如路交界口工地生活区,上海市浦东新区海鸣路,"121.674190,31.284619",曹路镇
浦东新区,航头镇果园村倪桥,上海市浦东新区倪桥,"121.603390,31.019720",航头镇
浦东新区,航头镇鹤鸣村许冯,上海市浦东新区航头镇鹤鸣村许冯,"121.576786,31.037495",航头镇
浦东新区,合庆镇勤俭村北杨家宅,上海市浦东新区合庆镇勤俭村北杨家宅,"121.727353,31.206702",合庆镇
浦东新区,沪南公路4699弄工地生活区,上海市闵行区工地生活区,"121.358068,31.126627",莘庄镇
浦东新区,老港镇大河村港南,上海市浦东新区大河村港南,"121.851719,31.017080",老港镇
浦东新区,浦东大道637号,上海市浦东新区浦东大道637号,"121.522927,31.240923",陆家嘴街道
浦东新区,浦明路1188弄,上海市浦东新区浦明路1188弄,"121.514532,31.214468",塘桥街道
浦东新区,三林镇临江村益民队小金家宅,上海市浦东新区小金家宅,"121.481889,31.124151",三林镇
浦东新区,三林镇新春村方家队方巷,上海市浦东新区方巷,"121.486000,31.129125",三林镇
浦东新区,三林镇中林村小中林队小中林,上海市浦东新区三林镇中林村小中林队小中林,"121.506143,31.139970",三林镇
浦东新区,沈梅路123弄,上海市浦东新区沈梅路123弄,"121.575186,31.090246",周浦镇
浦东新区,唐镇虹三村龚家宅,上海市浦东新区虹三村,"121.673202,31.253705",唐镇
浦东新区,唐镇民丰村李家宅,上海市浦东新区民丰村,"121.641442,31.210254",唐镇
浦东新区,唐镇暮二村顾家宅,上海市浦东新区暮二村,"121.676163,31.218192",唐镇
浦东新区,唐镇一心村缪家宅,上海市浦东新区一心村,"121.682249,31.243624",唐镇
浦东新区,塘桥路400弄,上海市浦东新区塘桥路400弄,"121.518190,31.210916",塘桥街道
浦东新区,西门路450弄,上海市浦东新区西门路450弄,"121.739390,31.047590",惠南镇
浦东新区,秀浦路3188号,上海市浦东新区秀浦路3188号,"121.622277,31.129463",康桥镇
浦东新区,洋泾镇路61号生活区,上海市浦东新区洋泾镇路61号,"121.550084,31.241342",洋泾街道
浦东新区,迎春路736弄,上海市浦东新区迎春路736弄,"121.552908,31.222856",花木街道
浦东新区,张江镇沔北村顾家宅,上海市浦东新区张江镇沔北村顾家宅,"121.634383,31.167577",张江镇
浦东新区,周浦镇瓦南村陆弄,上海市浦东新区陆弄,"121.642286,31.096101",周浦镇
浦东新区,祝桥镇卫东村朱家宅,上海市浦东新区卫东村,"121.755668,31.176627",祝桥镇
黄浦区,白河路39号,上海市黄浦区白河路|39,"121.471707,31.235422",南京东路街道
黄浦区,大沽路218号,上海市黄浦区大沽路218号,"121.469963,31.225995",南京东路街道
黄浦区,丹凤路102弄,上海市黄浦区丹凤路102弄,"121.494882,31.227321",豫园街道
黄浦区,淡水路274号,上海市黄浦区淡水路|274,"121.473171,31.216189",淮海中路街道
黄浦区,福建中路205号,上海市黄浦区福建中路205号,"121.481452,31.233983",外滩街道
黄浦区,贵州路169号,上海市黄浦区贵州路169号,"121.475871,31.236965",南京东路街道
黄浦区,海南西弄95号,上海市黄浦区海南西弄|95号,"121.496531,31.211088",半淞园路街道
黄浦区,淮海中路475号,上海市黄浦区淮海中路|475号,"121.470217,31.221239",瑞金二路街道
黄浦区,淮海中路796号,上海市黄浦区淮海中路796号,"121.462570,31.218864",瑞金二路街道
黄浦区,建国东路139号,上海市黄浦区建国东路|139,"121.478542,31.212919",打浦桥街道
黄浦区,建国东路153号,上海市黄浦区建国东路|153,"121.478262,31.212829",打浦桥街道
黄浦区,江阴路140号,上海市黄浦区江阴路|140,"121.468024,31.229504",南京东路街道
黄浦区,静修路89号,上海市黄浦区静修路|89,"121.486977,31.219779",老西门街道
黄浦区,巨鹿路318号,上海市黄浦区巨鹿路318号,"121.458942,31.222747",瑞金二路街道
黄浦区,丽园路448弄,上海市黄浦区丽园路448弄,"121.483078,31.208152",打浦桥街道
黄浦区,陆家浜路1331号,上海市黄浦区陆家浜路1331号,"121.483411,31.211710",老西门街道
黄浦区,毛家园路161号,上海市黄浦区毛家园路161号,"121.503140,31.219759",小东门街道
黄浦区,南昌路310弄,上海市黄浦区南昌路310弄,"121.462014,31.216843",瑞金二路街道
黄浦区,南京西路471弄,上海市黄浦区南京西路471弄,"121.468234,31.230800",南京东路街道
黄浦区,宁波路232号,上海市黄浦区宁波路232号,"121.482931,31.239124",外滩街道
黄浦区,宁波路636号,上海市黄浦区宁波路636号,"121.475730,31.236568",南京东路街道
黄浦区,宁波路70号,上海市黄浦区宁波路70号,"121.485610,31.239642",外滩街道
黄浦区,宁海东路4号,上海市黄浦区宁海东路|4号,"121.480834,31.228149",外滩街道
黄浦区,牛庄路620号,上海市黄浦区牛庄路|620号,"121.478264,31.237960",南京东路街道
黄浦区,尚文路198号,上海市黄浦区尚文路198号,"121.490346,31.215222",老西门街道
黄浦区,绍兴路45号,上海市黄浦区绍兴路|45,"121.462262,31.208509",瑞金二路街道
黄浦区,顺昌路501号,上海市黄浦区顺昌路501号,"121.479417,31.212917",打浦桥街道
黄浦区,思南路53号,上海市黄浦区思南路53号,"121.468970,31.214139",瑞金二路街道
黄浦区,泰康路328号,上海市黄浦区泰康路328号,"121.467344,31.207394",打浦桥街道
黄浦区,文庙路103号,上海市黄浦区文庙路103号,"121.489729,31.218504",老西门街道
黄浦区,文庙路137号,上海市黄浦区文庙路|137,"121.489185,31.218182",老西门街道
黄浦区,五里桥路252号,上海市黄浦区五里桥路252号,"121.480225,31.203614",五里桥街道
黄浦区,斜土路435弄,上海市黄浦区斜土路435弄,"121.477828,31.204199",打浦桥街道
黄浦区,肇周路354号,上海市黄浦区肇周路|354,"121.481196,31.213155",打浦桥街道
黄浦区,中山南路943号,上海市黄浦区中山南路943号,"121.506538,31.211949",小东门街道
黄浦区,中山南一路1022号,上海市黄浦区中山南一路|1022,"121.472456,31.195389",五里桥街道
静安区,宝通路214弄,上海市静安区宝通路214弄,"121.477942,31.256331",宝山路街道
静安区,常德路619号,上海市普陀区常德路|619号,"121.444911,31.231106",江宁路街道
静安区,长安路490号,上海市静安区长安路|490,"121.456915,31.239979",天目西路街道
静安区,长乐路650号,上海市徐汇区长乐路|650,"121.454168,31.218742",南京西路街道
静安区,场中路3220弄,上海市静安区场中路3220弄,"121.435176,31.303180",彭浦镇
静安区,汾西路850号,上海市静安区汾西路|850,"121.450568,31.313596",彭浦新村街道
静安区,公兴路203号,上海市静安区公兴路|203,"121.473902,31.255161",宝山路街道
静安区,公兴路220弄,上海市静安区公兴路220弄,"121.473047,31.254849",宝山路街道
静安区,广延路42弄,上海市静安区广延路42弄,"121.456430,31.272202",大宁路街道
静安区,海防路338弄,上海市静安区海防路338弄,"121.446435,31.238815",江宁路街道
静安区,海防路377号,上海市静安区海防路|377号,"121.446848,31.238573",江宁路街道
静安区,黄山路250号,上海市虹口区黄山路|250,"121.468420,31.266204",共和新路街道
静安区,京江路201号,上海市静安区京江路|201,"121.464395,31.248589",芷江西路街道
静安区,康乐路203弄,上海市静安区康乐路203弄,"121.476142,31.248871",北站街道
静安区,临山路20号,上海市静安区临山路|20号,"121.476295,31.256146",宝山路街道
静安区,柳营路463弄,上海市静安区柳营路,"121.455570,31.263640",共和新路街道
静安区,洛川东路352弄,上海市静安区洛川东路352弄,"121.462090,31.270177",共和新路街道
静安区,洛川东路99号,上海市静安区洛川东路99号,"121.464976,31.272064",共和新路街道
静安区,洛川中路970号,上海市静安区洛川中路|970,"121.450139,31.264675",共和新路街道
静安区,洛川中路990号,上海市静安区洛川中路|990,"121.450008,31.264599",共和新路街道
静安区,南京西路1081号,上海市静安区南京西路|1081号,"121.456998,31.228317",南京西路街道
静安区,南苏州路1455号,上海市静安区南苏州路1455号,"121.461048,31.240172",石门二路街道
静安区,平陆路312弄,上海市静安区平陆路312弄,"121.446996,31.284812",大宁路街道
静安区,平顺路921号,上海市静安区平顺路921号,"121.454707,31.318768",彭浦新村街道
静安区,青云路315弄,上海市静安区青云路315弄,"121.472748,31.264064",宝山路街道
静安区,青云路570弄,上海市浦东新区青云路,"121.610412,31.208251",张江镇
静安区,青云路702号,上海市浦东新区青云路|702,"121.466525,31.260954",芷江西路街道
静安区,三泉路59号,上海市静安区三泉路|59号,"121.438598,31.318811",彭浦新村街道
静安区,三泉路925号,上海市静安区三泉路925号,"121.440589,31.318112",彭浦新村街道
静安区,石门一路29号,上海市静安区石门一路|29,"121.463101,31.224799",南京西路街道
静安区,泰兴路555号,上海市静安区泰兴路555号,"121.456377,31.236129",江宁路街道
静安区,泰兴路626号,上海市静安区泰兴路626号,"121.455978,31.236979",石门二路街道
静安区,谈家桥路1100弄,上海市静安区谈家桥路,"121.451998,31.260103",共和新路街道
静安区,谈家桥路182号,上海市静安区谈家桥路182号,"121.450827,31.260826",共和新路街道
静安区,通阁路205弄,上海市静安区通阁路205弄,"121.469929,31.260924",宝山路街道
静安区,万荣路100号,上海市静安区万荣路|100,"121.448583,31.270563",彭浦镇
静安区,万荣路28号,上海市静安区万荣路28号,"121.449149,31.269796",共和新路街道
静安区,万荣路949弄,上海市静安区万荣路,"121.443781,31.278495",彭浦镇
静安区,乌鲁木齐北路65弄,上海市静安区乌鲁木齐北路65弄,"121.441150,31.224759",静安寺街道
静安区,乌镇路200号,上海市静安区乌镇路200号,"121.466534,31.243640",北站街道
静安区,武定西路1470弄,上海市静安区武定西路1470弄,"121.430007,31.224253",曹家渡街道
静安区,西藏北路1318号,上海市静安区西藏北路1318号,"121.465473,31.264111",共和新路街道
静安区,西藏北路21号,上海市静安区西藏北路|21号,"121.471549,31.240954",北站街道
静安区,西藏北路571号,上海市静安区西藏北路571号,"121.468800,31.252038",芷江西路街道
静安区,西藏北路979号,上海市静安区西藏北路|979,"121.467215,31.259427",芷江西路街道
静安区,西康路340号,上海市静安区西康路|340,"121.449600,31.231719",江宁路街道
静安区,新疆路425号,上海市静安区新疆路425号,"121.466219,31.243180",北站街道
静安区,新马路187号,上海市静安区新马路|187号,"121.468707,31.248728",芷江西路街道
静安区,新马路218号,上海市静安区新马路|218号,"121.468466,31.248506",芷江西路街道
静安区,新闸路1999弄,上海市静安区新闸路1999弄,"121.438069,31.223997",静安寺街道
静安区,延平路200弄,上海市静安区延平路200弄,"121.440991,31.230390",曹家渡街道
静安区,永兴路932号,上海市静安区永兴路932号,"121.459735,31.251326",芷江西路街道
静安区,永兴支路1号,上海市静安区上海1号,"121.443336,31.221816",静安寺街道
静安区,原平路758弄,上海市静安区原平路758弄,"121.431711,31.293036",彭浦镇
静安区,止园路339号,上海市静安区止园路|339,"121.469444,31.259146",宝山路街道
静安区,芷江中路428弄,上海市静安区芷江中路428弄,"121.470190,31.259216",宝山路街道
静安区,中华新路619号,上海市静安区中华新路619号,"121.461549,31.254243",芷江西路街道
静安区,中华新路815弄,上海市静安区中华新路,"121.466756,31.254229",芷江西路街道
静安区,中山北路588号,上海市静安区中山北路588号,"121.464082,31.261667",芷江西路街道
徐汇区,安福路198号,上海市徐汇区安福路198-208号,"121.443819,31.214133",湖南路街道
徐汇区,茶陵路78号,上海市徐汇区茶陵路78号,"121.466985,31.197429",斜土路街道
徐汇区,番禺路650弄,上海市徐汇区番禺路650弄,"121.429390,31.199550",徐家汇街道
徐汇区,复兴中路1282弄,上海市徐汇区复兴中路1282弄,"121.457042,31.212800",湖南路街道
徐汇区,广元西路88号,上海市徐汇区广元西路88号,"121.434811,31.196244",徐家汇街道
徐汇区,虹桥路772弄,上海市徐汇区虹桥路772弄,"121.424751,31.194579",徐家汇街道
徐汇区,沪闵路9118号,上海市闵行区沪闵路|9118号,"121.431578,31.160744",漕河泾街道
徐汇区,龙华路127号,上海市徐汇区龙华路,"121.451861,31.180048",龙华街道
徐汇区,龙华西路97号,上海市徐汇区龙华西路|97,"121.450898,31.172120",龙华街道
徐汇区,罗城路570号,上海市徐汇区罗城路|570号,"121.437880,31.150180",漕河泾街道
徐汇区,瑞金南路546号,上海市徐汇区瑞金南路546号,"121.467801,31.196855",斜土路街道
徐汇区,塘子泾234弄,上海市徐汇区塘子泾,"121.425372,31.193119",徐家汇街道
徐汇区,田林路8号,上海市徐汇区田林路|8号,"121.422734,31.171792",田林街道
徐汇区,乌鲁木齐中路186号,上海市静安区乌鲁木齐中路|186,"121.445547,31.213403",湖南路街道
徐汇区,五原路212弄,上海市徐汇区五原路212弄,"121.445198,31.212970",湖南路街道
徐汇区,襄阳南路318号,上海市静安区襄阳南路|318,"121.459429,31.209742",天平路街道
徐汇区,斜土路1155弄,上海市徐汇区斜土路1155弄,"121.465858,31.200237",斜土路街道
徐汇区,斜土路1642号,上海市徐汇区斜土路1642号,"121.456945,31.196127",枫林路街道
徐汇区,肇嘉浜路539号,上海市徐汇区肇嘉浜路539号,"121.456701,31.201321",斜土路街道
徐汇区,肇嘉浜路665号,上海市徐汇区肇嘉浜路665号,"121.462533,31.189973",斜土路街道
徐汇区,中漕路100弄,上海市徐汇区中漕路100弄,"121.433297,31.182980",徐家汇街道
长宁区,芙蓉江路388号,上海市长宁区芙蓉江路|388号,"121.394202,31.215011",周家桥街道
长宁区,华山路1635号,上海市长宁区华山路1635号,"121.435034,31.203193",新华路街道
长宁区,茅台路601弄（住宅）,上海市长宁区茅台路601弄,"121.389078,31.210279",仙霞新村街道
长宁区,延安西路2077号,上海市长宁区延安西路2077号,"121.407486,31.203493",虹桥街道
长宁区,愚园路1376弄（住宅）,上海市长宁区愚园路1376弄,"121.423042,31.219618",江苏路街道
长宁区,紫云路118弄,上海市长宁区紫云路118弄,"121.409724,31.207961",天山路街道
长宁区,遵义路402弄,上海市长宁区遵义路402弄,"121.407843,31.210830",天山路街道
普陀区,北石路105号,上海市普陀区北石路|105,"121.403306,31.248494",真如镇街道
普陀区,曹杨路595号,上海市普陀区曹杨路595号,"121.417799,31.237441",长风新村街道
普陀区,长寿路68号,上海市普陀区长寿路68号,"121.444362,31.244528",长寿路街道
普陀区,礼泉路700弄,上海市普陀区礼泉路700弄,"121.407094,31.255049",真如镇街道
普陀区,同普路1175弄,上海市普陀区同普路1175弄,"121.370890,31.230352",长征镇
普陀区,武宁路1068号,上海市普陀区武宁路|1068,"121.410361,31.245992",石泉路街道
普陀区,宜川路22号,上海市普陀区宜川路|22,"121.440633,31.257157",宜川路街道
普陀区,真北路930弄,上海市普陀区真北路930弄,"121.382892,31.233971",长征镇
普陀区,真光路1915弄,上海市普陀区真光路1915弄,"121.385576,31.255234",真如镇街道
虹口区,宝安路102号,上海市青浦区宝安路|102,"121.487891,31.263700",四川北路街道
虹口区,宝安路12号,上海市虹口区宝安路12号,"121.487989,31.262873",四川北路街道
虹口区,宝安路60弄,上海市虹口区宝安路,"121.487012,31.266563",四川北路街道
虹口区,保定路330号,上海市虹口区保定路|330号,"121.509870,31.258761",北外滩街道
虹口区,北海宁路220号,上海市虹口区北海宁路,"121.487348,31.251898",四川北路街道
虹口区,场中路28弄,上海市虹口区场中路28弄,"121.479289,31.307372",江湾镇街道
虹口区,场中路8弄,上海市虹口区场中路8弄,"121.483071,31.307861",江湾镇街道
虹口区,长春路214弄,上海市虹口区长春路214弄,"121.485772,31.261799",四川北路街道
虹口区,东大名路1118号,上海市虹口区东大名路1118号,"121.509704,31.251796",北外滩街道
虹口区,东汉阳路22号,上海市虹口区东汉阳路,"121.495323,31.251195",北外滩街道
虹口区,东汉阳路405弄,上海市虹口区东汉阳路,"121.495323,31.251195",北外滩街道
虹口区,东江湾路440号,上海市虹口区东江湾路|440号,"121.480195,31.270811",欧阳路街道
虹口区,东体育会路1188号,上海市虹口区东体育会路1188号,"121.490342,31.289427",曲阳路街道
虹口区,东余杭路760弄,上海市虹口区东余杭路760弄,"121.501538,31.255205",北外滩街道
虹口区,东长治路909弄,上海市虹口区东长治路,"121.501591,31.251444",北外滩街道
虹口区,多伦路239号,上海市虹口区多伦路|239,"121.481520,31.264238",四川北路街道
虹口区,公平路36号,上海市虹口区公平路36号,"121.508296,31.250255",北外滩街道
虹口区,广灵二路295号,上海市虹口区广灵二路295号,"121.474194,31.283853",凉城新村街道
虹口区,广灵二路29号,上海市虹口区广灵二路29号,"121.480817,31.283969",广中路街道
虹口区,广中路653号,上海市虹口区广中路|653,"121.462953,31.280201",凉城新村街道
虹口区,海门路587号,上海市虹口区海门路587-589号,"121.501706,31.256987",北外滩街道
虹口区,华昌路135号,上海市青浦区华昌路|135,"121.476227,31.263356",广中路街道
虹口区,黄渡路29弄,上海市虹口区29弄,"121.485003,31.258820",四川北路街道
虹口区,黄渡路74号,上海市虹口区黄渡路74号,"121.482057,31.267417",四川北路街道
虹口区,惠民路220弄,上海市虹口区惠民路220弄,"121.514220,31.254221",北外滩街道
虹口区,嘉兴路335号,上海市虹口区嘉兴路335号,"121.491532,31.256500",嘉兴路街道
虹口区,金田路65号,上海市虹口区金田路|65,"121.494858,31.254905",嘉兴路街道
虹口区,溧阳路1281号,上海市虹口区溧阳路|1281,"121.486822,31.263171",四川北路街道
虹口区,溧阳路175号,上海市虹口区溧阳路|175,"121.494308,31.247927",北外滩街道
虹口区,凉城路1315号,上海市虹口区凉城路1315号,"121.470798,31.305025",江湾镇街道
虹口区,凉城路1318弄,上海市虹口区凉城路,"121.470233,31.285247",凉城新村街道
虹口区,凉城路212号,上海市虹口区凉城路212号,"121.469896,31.282922",凉城新村街道
虹口区,马厂路250号,上海市虹口区马厂路,"121.495347,31.247576",北外滩街道
虹口区,山阴路132弄,上海市虹口区山阴路132弄,"121.484556,31.266120",四川北路街道
虹口区,水电路1303号,上海市虹口区水电路1303号,"121.476620,31.295179",江湾镇街道
虹口区,四川北路787号,上海市黄浦区四川北路|787号,"121.485111,31.247294",北外滩街道
虹口区,同心路69弄,上海市虹口区同心路69号,"121.478883,31.266212",广中路街道
虹口区,同心路959号,上海市虹口区同心路|959号,"121.469570,31.273380",广中路街道
虹口区,吴淞路400号,上海市虹口区吴淞路400号,"121.489715,31.250864",北外滩街道
虹口区,武进路244号,上海市虹口区武进路244号,"121.486097,31.252531",四川北路街道
虹口区,新港路22号,上海市松江区新港路22号,"121.151339,31.007418",小昆山镇
虹口区,邢家桥路61号,上海市虹口区邢家桥北路61号,"121.488095,31.260572",四川北路街道
虹口区,逸仙路448号,上海市宝山区逸仙路|448,"121.486229,31.301397",江湾镇街道
虹口区,玉田路414弄,上海市虹口区玉田路414弄,"121.486644,31.279834",曲阳路街道
虹口区,玉田路426号,上海市虹口区玉田路|426,"121.488589,31.279416",曲阳路街道
虹口区,玉田支路18号,上海市虹口区玉田支路18号,"121.493157,31.280876",曲阳路街道
虹口区,中州路64弄,上海市虹口区中州路64弄,"121.482404,31.251643",四川北路街道
虹口区,中州路68弄,上海市虹口区中州路68弄,"121.482246,31.251863",四川北路街道
虹口区,周家嘴路484号,上海市杨浦区周家嘴路,"121.545073,31.280580",延吉新村街道
虹口区,周家嘴路547号,上海市虹口区周家嘴路547号,"121.499157,31.256653",嘉兴路街道
虹口区,周家嘴路980号,上海市虹口区周家嘴路|980号,"121.505120,31.260625",北外滩街道
杨浦区,爱囯路301弄,上海市杨浦区爱国路301弄,"121.551305,31.278506",定海路街道
杨浦区,长海路136号,上海市杨浦区长海路136-138号,"121.528390,31.309521",长海路街道
杨浦区,长阳路1313号,上海市杨浦区长阳路1313号,"121.528287,31.266793",大桥街道
杨浦区,长阳路2320号,上海市杨浦区长阳路|2320,"121.543384,31.273918",定海路街道
杨浦区,飞虹路755弄,上海市杨浦区飞虹路755弄,"121.513460,31.267208",江浦路街道
杨浦区,飞虹路760弄,上海市杨浦区飞虹路760弄,"121.513038,31.267872",江浦路街道
杨浦区,共青路95号,上海市杨浦区共青路95号,"121.562369,31.276430",定海路街道
杨浦区,国定路227弄,上海市杨浦区国定路,"121.504052,31.306399",五角场街道
杨浦区,国定路77号,上海市杨浦区国定路77-83号,"121.515189,31.293643",五角场街道
杨浦区,国和路858号,上海市杨浦区国和路|858,"121.522210,31.317160",长海路街道
杨浦区,国顺路280号,上海市杨浦区国顺路280号,"121.513341,31.291362",五角场街道
杨浦区,国通路133号,上海市杨浦区国通路133号,"121.508159,31.309355",新江湾城街道
杨浦区,杭州路903号,上海市杨浦区杭州路903号,"121.546691,31.268687",定海路街道
杨浦区,霍山路1196号,上海市虹口区霍山路|1196,"121.527527,31.264266",平凉路街道
杨浦区,江浦路1177号,上海市杨浦区江浦路1177号,"121.520326,31.268800",江浦路街道
杨浦区,控江路34号,上海市杨浦区控江路|34号小区,"121.548750,31.289846",长白新村街道
杨浦区,隆昌路247弄,上海市杨浦区隆昌路247弄,"121.546964,31.270012",定海路街道
杨浦区,隆昌路66号,上海市杨浦区隆昌路66号,"121.550831,31.268503",定海路街道
杨浦区,隆昌路690号,上海市杨浦区隆昌路690号,"121.538569,31.281528",延吉新村街道
杨浦区,民府路710号,上海市杨浦区民府路,"121.511530,31.314370",新江湾城街道
杨浦区,内江路260号,上海市杨浦区内江路260号,"121.547065,31.280030",定海路街道
杨浦区,平凉路1055号,上海市杨浦区平凉路1055号,"121.532306,31.260974",大桥街道
杨浦区,平凉路1503号,上海市杨浦区平凉路1503号,"121.539347,31.265658",大桥街道
杨浦区,平凉路1638号,上海市杨浦区平凉路1638号,"121.540765,31.266503",大桥街道
杨浦区,平凉路1734号,上海市杨浦区平凉路1734号,"121.542283,31.267324",大桥街道
杨浦区,平凉路1975弄,上海市杨浦区平凉路1975弄,"121.545939,31.270363",定海路街道
杨浦区,平凉路199号,上海市杨浦区平凉路199号,"121.517460,31.253447",平凉路街道
杨浦区,世界路65弄,上海市杨浦区世界路65弄,"121.525674,31.318881",长海路街道
杨浦区,双阳路124弄,上海市杨浦区双阳路,"121.531029,31.283377",延吉新村街道
杨浦区,双阳支路38弄,上海市杨浦区双阳支路38弄,"121.541744,31.274236",大桥街道
杨浦区,唐山路1018号,上海市杨浦区唐山路1018号,"121.511960,31.261349",江浦路街道
杨浦区,武川路9号,上海市杨浦区武川路9号,"121.493718,31.300142",五角场街道
杨浦区,杨树浦路2866号,上海市杨浦区杨树浦路2866号,"121.557522,31.272492",定海路街道
杨浦区,闸殷路155号,上海市杨浦区闸殷路155号,"121.529153,31.332609",殷行街道
杨浦区,政旦东路8号,上海市杨浦区政旦东路|8号,"121.518716,31.302074",五角场街道
杨浦区,政立路489号,上海市杨浦区政立路489号,"121.505915,31.308863",新江湾城街道
杨浦区,政修路3号,上海市杨浦区政修路3-31号,"121.509883,31.295039",五角场街道
宝山区,安达路288号,上海市宝山区安达路,"121.490644,31.361681",吴淞街道
宝山区,宝安公路8号,上海市宝山区宝安公路8公里,"121.406738,31.362275",顾村镇
宝山区,长江西路581弄,上海市宝山区长江西路581弄,"121.473321,31.344145",淞南镇
宝山区,长江西路1371号,上海市宝山区长江西路|1371号,"121.454392,31.337128",张庙街道
宝山区,福双路56弄,上海市浦东新区56弄,"121.596609,31.265585",浦兴路街道
宝山区,抚远路283弄,上海市宝山区抚远路,"121.361576,31.410128",罗店镇
宝山区,富锦路1218号,上海市宝山区富锦路1218号,"121.452657,31.405621",杨行镇
宝山区,富锦路1368弄,上海市宝山区富锦路,"121.419365,31.399513",杨行镇
宝山区,富桥路89号,上海市宝山区富桥路89号,"121.407228,31.376246",顾村镇
宝山区,富杨路389号,上海市宝山区富杨路|389,"121.435131,31.392239",杨行镇
宝山区,钢四路88号,上海市宝山区钢四路|88号,"121.471747,31.345441",淞南镇
宝山区,共和新路5380弄,上海市宝山区共和新路5380弄,"121.441741,31.327746",庙行镇
宝山区,共祥路688号,上海市宝山区共祥路688号,"121.400370,31.397058",杨行镇
宝山区,共祥路889号,上海市宝山区共祥路889号,"121.395420,31.396671",杨行镇
宝山区,顾北路39弄,上海市宝山区顾北路,"121.392343,31.352376",顾村镇
宝山区,顾北路680弄,上海市宝山区顾北路680号,"121.386745,31.350780",顾村镇
宝山区,韩家湾101号,上海市宝山区韩家湾|101号,"121.344309,31.412052",罗店镇
宝山区,行知路50弄,上海市宝山区行知路50弄,"121.419882,31.285606",大场镇
宝山区,鹤岗路31号,上海市宝山区鹤岗路,"121.491859,31.361838",吴淞街道
宝山区,虎林路18号,上海市宝山区虎林路18号,"121.459545,31.327715",张庙街道
宝山区,沪太路1765弄,上海市宝山区沪太路,"121.326314,31.452681",罗泾镇
宝山区,沪太路6058弄,上海市宝山区沪太路6058弄,"121.364208,31.373490",罗店镇
宝山区,金塘路1号,上海市嘉定区上海1号（安亭店）,"121.155135,31.290502",安亭镇
宝山区,锦伟路639号,上海市宝山区锦伟路639号,"121.396817,31.399366",杨行镇
宝山区,罗盛路588号,上海市宝山区罗盛路588号,"121.368778,31.433265",罗店镇
宝山区,南汀路33号,上海市宝山区南汀路33号,"121.475776,31.371455",杨行镇
宝山区,潘广路148号,上海市宝山区潘广路,"121.367909,31.363571",顾村镇
宝山区,潘泾路238弄,上海市宝山区潘泾路238弄,"121.402809,31.357112",顾村镇
宝山区,潘泾路1225号,上海市宝山区潘泾路1225号,"121.388358,31.386255",罗店镇
宝山区,潘泾路1245号,上海市宝山区潘泾路1245号,"121.387620,31.387795",罗店镇
宝山区,盘古路538号,上海市宝山区盘古路|538,"121.478167,31.406331",友谊路街道
宝山区,乾溪路300弄,上海市宝山区乾溪路300弄,"121.408372,31.303499",大场镇
宝山区,上大路278号,上海市宝山区上大路278号,"121.401417,31.311633",大场镇
宝山区,水产路2199弄,上海市宝山区水产路2199弄,"121.446674,31.368939",杨行镇
宝山区,塔虹路169号,上海市宝山区塔虹路,"121.409308,31.424262",月浦镇
宝山区,泰和路1171弄,上海市宝山区泰和路1171弄,"121.461969,31.367045",杨行镇
宝山区,泰和路1500号,上海市宝山区泰和路1500号,"121.462569,31.359961",杨行镇
宝山区,泰和西路3390弄,上海市宝山区泰和西路3390弄,"121.407850,31.339900",顾村镇
宝山区,铁峰路259号,上海市宝山区铁峰路259号,"121.471227,31.367617",杨行镇
宝山区,铁山路6号,上海市宝山区铁山路6号,"121.468514,31.360245",杨行镇
宝山区,铁山路149号,上海市宝山区铁山路,"121.455704,31.384880",杨行镇
宝山区,通南路394号,上海市宝山区通南路394号,"121.468306,31.335569",淞南镇
宝山区,同济路1111弄,上海市宝山区同济路1111弄,"121.476980,31.404214",友谊路街道
宝山区,杨泰路236号,上海市宝山区杨泰路236号,"121.444152,31.369729",杨行镇
宝山区,杨泰路268弄,上海市宝山区杨泰路268弄,"121.442380,31.371311",杨行镇
宝山区,逸仙路4000号,上海市虹口区逸仙路,"121.485028,31.310442",江湾镇街道
宝山区,友谊路2449号,上海市宝山区友谊路,"121.480381,31.404140",友谊路街道
宝山区,园泰北路918号,上海市宝山区园泰北路918号,"121.340809,31.312566",大场镇
宝山区,园泰路396号,上海市宝山区园泰路396号,"121.338380,31.303499",大场镇
宝山区,月川路98号,上海市宝山区月川路98号,"121.402729,31.443655",月浦镇
宝山区,蕰川路4515号,上海市宝山区蕰川路|4515号,"121.417230,31.423841",月浦镇
宝山区,蕰川路5350弄,上海市宝山区蕰川路5350弄,"121.406896,31.442871",月浦镇
闵行区,北吴路489号,上海市闵行区北吴路|489号,"121.442538,31.055138",吴泾镇
闵行区,繁安路600号,上海市闵行区繁安路600号,"121.390800,31.070254",颛桥镇
闵行区,富强街71号,上海市闵行区富强街|71号,"121.354610,31.151189",七宝镇
闵行区,光中路351号,上海市闵行区光中路351号,"121.389565,31.072336",颛桥镇
闵行区,恒德花苑,上海市闵行区恒德花苑,"121.407616,31.120083",梅陇镇
闵行区,龙吴路5161号,上海市闵行区龙吴路5161号,"121.462631,31.054500",吴泾镇
闵行区,罗阳东三村,上海市闵行区罗阳,"121.409279,31.122431",梅陇镇
闵行区,七莘路2888号,上海市闵行区七莘路2888号,"121.354193,31.148926",七宝镇
闵行区,三鲁路4381号,上海市闵行区三鲁路|4381,"121.517335,31.095107",浦江镇
闵行区,水清路992号,上海市闵行区水清路992号,"121.376403,31.125948",莘庄镇
闵行区,闸航路2589弄,上海市闵行区闸航路2589弄,"121.533790,31.019311",浦江镇
闵行区,召楼路2266弄,上海市闵行区召楼路2266弄,"121.539177,31.060316",浦江镇
嘉定区,昌吉路231弄,上海市嘉定区昌吉路231弄,"121.159895,31.294803",安亭镇
嘉定区,陈翔公路2288弄,上海市嘉定区陈翔公路2288弄,"121.302197,31.309827",南翔镇
嘉定区,陈翔公路699号,上海市嘉定区陈翔公路699号,"121.333493,31.315963",南翔镇
嘉定区,城中路285号,上海市嘉定区城中路285-287号,"121.242882,31.388717",嘉定镇街道
嘉定区,春浓路33号,上海市嘉定区春浓路33号,"121.245502,31.275914",安亭镇
嘉定区,德力西路168号,上海市嘉定区德力西路168号,"121.332583,31.309787",南翔镇
嘉定区,丰功路968号,上海市嘉定区丰功路968号,"121.289496,31.343541",马陆镇
嘉定区,高潮路695号,上海市嘉定区高潮路695号,"121.327623,31.249489",江桥镇
嘉定区,沪宜公路2516号,上海市嘉定区沪宜公路2516号,"121.281120,31.338480",马陆镇
嘉定区,嘉新公路835弄,上海市嘉定区嘉新公路835弄,"121.279290,31.357185",马陆镇
嘉定区,嘉行公路3757弄,上海市嘉定区嘉行公路,"121.254423,31.396955",菊园新区
嘉定区,金沙江路2733号,上海市嘉定区金沙江路2733号,"121.363171,31.239649",真新街道
嘉定区,金沙江路3131号,上海市嘉定区金沙江路3131号,"121.353458,31.242138",真新街道
嘉定区,金通路1968弄,上海市嘉定区金通路1968弄,"121.318551,31.284802",南翔镇
嘉定区,金运路199弄,上海市嘉定区金运路199弄,"121.319557,31.236472",江桥镇
嘉定区,金运路666号,上海市嘉定区金运路666号,"121.320621,31.244091",江桥镇
嘉定区,科盛路1051号,上海市嘉定区科盛路1051号,"121.326283,31.343855",马陆镇
嘉定区,立新路35号,上海市嘉定区立新路35号,"121.286109,31.384844",马陆镇
嘉定区,立新路80弄A区,上海市嘉定区立新路80弄,"121.288944,31.388287",马陆镇
嘉定区,胜利街123号,上海市嘉定区胜利街|123号,"121.302623,31.288770",南翔镇
嘉定区,胜利街175弄,上海市嘉定区胜利街175号,"121.299976,31.287780",南翔镇
嘉定区,胜利街189弄,上海市嘉定区胜利街,"121.299378,31.287686",南翔镇
嘉定区,胜利街195弄,上海市嘉定区胜利街195弄,"121.298581,31.288149",南翔镇
嘉定区,亚钢路最西侧工地,上海市嘉定区亚钢路,"121.264979,31.315571",马陆镇
嘉定区,园汽路90号,上海市嘉定区园汽路,"121.216905,31.311605",安亭镇
嘉定区,震川路17号,上海市嘉定区震川路|17号,"121.157774,31.307738",安亭镇
松江区,横塘桥村,上海市松江区横塘桥村,"121.294205,31.124180",泗泾镇
松江区,沪松公路2516号,上海市松江区沪松公路2516号,"121.283204,31.115262",泗泾镇
松江区,沪松公路3023号,上海市松江区沪松公路3023号,"121.271366,31.105459",洞泾镇
松江区,联营路333弄,上海市松江区联营路333号,"121.311612,31.020032",车墩镇
松江区,卖新公路1028号,上海市松江区卖新公路1028号,"121.284918,31.064752",新桥镇
松江区,彭家村,上海市松江区彭家村,"121.215601,30.936199",泖港镇
松江区,三新北路900弄,上海市松江区三新北路900弄,"121.195786,31.033587",方松街道
松江区,松沪公路2511弄,上海市松江区松沪公路2511弄,"121.291441,31.115579",泗泾镇
松江区,新飞路1756号,上海市松江区新飞路1756号,"121.318687,31.045670",车墩镇
松江区,新飞路901号,上海市松江区新飞路901号,"121.317357,31.029610",车墩镇
松江区,新飞路961号,上海市松江区新飞路961号,"121.315883,31.031814",车墩镇
松江区,影城路47号,上海市松江区影城路47号,"121.310456,31.012963",车墩镇
松江区,云恩路59弄,上海市松江区云恩路59弄,"121.218627,31.066551",广富林街道
青浦区,高光路479号,上海市青浦区高光路,"121.303938,31.158667",徐泾镇
青浦区,光联路,上海市青浦区光联村,"121.311890,31.169001",徐泾镇
青浦区,光联一路诸光路,上海市青浦区光联一路诸光路,"121.304342,31.179612",徐泾镇
青浦区,龙联路239号,上海市青浦区龙联路239号,"121.291568,31.194324",徐泾镇
青浦区,龙联路259号,上海市青浦区龙联路259号,"121.290761,31.193863",徐泾镇
青浦区,蟠龙路68号,上海市青浦区蟠龙路68号,"121.290163,31.173522",徐泾镇
青浦区,蟠龙路蟠秀路,上海市青浦区蟠龙路,"121.285401,31.179369",徐泾镇
青浦区,蟠秀路282号,上海市青浦区蟠秀路,"121.297198,31.184503",徐泾镇
青浦区,谢卫路258弄,上海市青浦区谢卫路258弄,"121.311318,31.175564",徐泾镇
青浦区,新凤中路1800弄,上海市青浦区新凤中路1800弄,"121.229415,31.204284",华新镇
青浦区,盈港东路1389号,上海市青浦区盈港东路1389号,"121.279112,31.174453",徐泾镇
青浦区,盈港东路诸光路,上海市青浦区盈港东路诸光路,"121.302319,31.182119",徐泾镇
青浦区,育才路华徐公路,上海市青浦区华徐公路,"121.277540,31.176830",徐泾镇
青浦区,朱枫公路38号,上海市松江区朱枫公路,"121.046187,30.969195",新浜镇
青浦区,诸光路495号,上海市青浦区诸光路495号,"121.313417,31.165953",徐泾镇
青浦区,诸光路光联路,上海市青浦区诸光路光联,"121.317908,31.163767",徐泾镇
奉贤区,海旗路1518号,上海市奉贤区海旗路1518号,"121.741263,30.893589",四团镇
奉贤区,金海公路3265号,上海市奉贤区金海公路3265号,"121.497314,30.899240",南桥镇
奉贤区,肖塘路255弄,上海市奉贤区肖塘路255弄,"121.432453,30.961394",奉浦街道
